Workbook

Sheet Parametreler
A1: KARS BELEDİYESİ
A2: Agrega Maliyet Analizi - Parametreler (Maden Ocağı → Kırıcı Tesis)
A4: A) GENEL PARAMETRELER
A5: Maden Ocağı - Tesis Mesafesi | C5: 3 | D5: km | E5: Tek yön mesafe
A6: Motorin (Yakıt) Birim Fiyatı | C6: 45 | D6: TL/lt
A7: Elektrik Birim Fiyatı | C7: 3.2 | D7: TL/kWh
A9: B) MADENDE SÖKÜM - HİDROLİK KIRICI (Ekskavatör Ataşmanı)
A10: Saatlik Yakıt Tüketimi (Kırıcı Ekskavatörü) | C10: 18 | D10: lt/saat
A11: Amortisman + Bakım-Onarım (saatlik) | C11: 350 | D11: TL/saat
A12: Söküm Üretim Kapasitesi | C12: 45 | D12: ton/saat
A14: C) EKSKAVATÖR İLE YÜKLEME (Sökülen Malzemenin Kamyona Yüklenmesi)
A15: Saatlik Yakıt Tüketimi (Yükleyici Ekskavatör) | C15: 16 | D15: lt/saat
A16: Amortisman + Bakım-Onarım (saatlik) | C16: 300 | D16: TL/saat
A17: Yükleme Kapasitesi | C17: 90 | D17: ton/saat
A19: D) NAKLİYE (Maden Ocağından Tesise - Kamyon)
A20: Kamyon Taşıma Kapasitesi | C20: 20 | D20: ton/sefer
A21: Kamyon Yakıt Tüketimi | C21: 0.42 | D21: lt/km | E21: Yüklü+boş ortalama
A22: Ortalama Sefer Hızı | C22: 30 | D22: km/saat
A23: Yükleme + Boşaltma Süresi (sefer başı) | C23: 10 | D23: dakika
A24: Kamyon Amortisman + Bakım (saatlik) | C24: 180 | D24: TL/saat
A26: E) KIRICI TESİS (Kırma + Eleme / Boyutlandırma - Elektrik Tüketimi)
A27: Kırıcı Tesis Kurulu Gücü | C27: 400 | D27: kW | E27: Tüm motorlar toplamı
A28: Ortalama Yük Faktörü | C28: 0.75 | D28: %
A29: Kırıcı Tesis Üretim Kapasitesi | C29: 120 | D29: ton/saat
A31: F) KIRICI ÇIKIŞI BOYUT DAĞILIM ORANLARI
A32: 0-5 mm Oranı | C32: 0.3 | D32: %
A33: 5-12 mm Oranı | C33: 0.25 | D33: %
A34: 12-19 mm Oranı | C34: 0.25 | D34: %
A35: 19-32 mm Oranı | C35: 0.2 | D35: %
A36: Toplam Oran Kontrolü | C36: =SUM(C32:C35) -> 1 | D36: ( 100% olmalı )
A38: G) DÖNEMLİK ÜRETİM HEDEFİ
A39: Hesaplanacak Dönem Toplam Üretim | C39: 5000 | D39: ton | E39: Aylık/yıllık - Maliyet Hesaplama sayfası için
A41: NOT: Sarı hücreler kullanıcı girişi içindir, ihtiyaca göre güncellenebilir. Diğer tüm hücreler otomatik hesaplanır. Maliyet detayları 'Maliyet Hesaplama' sayfasında, özet ve grafikler 'Özet Rapor' sayfasındadır.

Sheet Maliyet Hesaplama
A1: AGREGA MALİYET HESAPLAMA
A2: Maden Ocağı → Söküm → Yükleme → Nakliye → Kırıcı Tesis (Boyutlandırma)
A4: AŞAMA 1: MADENDE SÖKÜM (Hidrolik Kırıcı)
A5: Saatlik Yakıt Maliyeti | C5: =Parametreler!$C$10*Parametreler!$C$6 -> 810 | D5: TL/saat
A6: Saatlik Toplam Maliyet (Yakıt+Amortisman) | C6: =C5+Parametreler!$C$11 -> 1160 | D6: TL/saat
A7: AŞAMA 1 BİRİM MALİYETİ | C7: =C6/Parametreler!$C$12 -> 25.777778 | D7: TL/ton
A9: AŞAMA 2: EKSKAVATÖR İLE YÜKLEME
A10: Saatlik Yakıt Maliyeti | C10: =Parametreler!$C$15*Parametreler!$C$6 -> 720 | D10: TL/saat
A11: Saatlik Toplam Maliyet (Yakıt+Amortisman) | C11: =C10+Parametreler!$C$16 -> 1020 | D11: TL/saat
A12: AŞAMA 2 BİRİM MALİYETİ | C12: =C11/Parametreler!$C$17 -> 11.333333 | D12: TL/ton
A14: AŞAMA 3: NAKLİYE (Maden Ocağı → Tesis)
A15: Sefer Mesafesi (Gidiş-Dönüş) | C15: =2*Parametreler!$C$5 -> 6 | D15: km
A16: Sefer Yakıt Maliyeti | C16: =Parametreler!$C$21*C15*Parametreler!$C$6 -> 113.4 | D16: TL/sefer
A17: Sefer Süresi (Yol + Yükleme/Boşaltma) | C17: =(C15/Parametreler!$C$22)+(Parametreler!$C$23/60) -> 0.36666667 | D17: saat
A18: Sefer Amortisman + Bakım Maliyeti | C18: =Parametreler!$C$24*C17 -> 66 | D18: TL/sefer
A19: Sefer Toplam Maliyeti | C19: =C16+C18 -> 179.4 | D19: TL/sefer
A20: AŞAMA 3 BİRİM MALİYETİ | C20: =C19/Parametreler!$C$20 -> 8.97 | D20: TL/ton
A22: AŞAMA 4: KIRICI TESİS (Kırma + Eleme/Boyutlandırma - Elektrik)
A23: Saatlik Elektrik Tüketimi | C23: =Parametreler!$C$27*Parametreler!$C$28 -> 300 | D23: kWh/saat
A24: Saatlik Elektrik Maliyeti | C24: =C23*Parametreler!$C$7 -> 960 | D24: TL/saat
A25: AŞAMA 4 BİRİM MALİYETİ | C25: =C24/Parametreler!$C$29 -> 8 | D25: TL/ton
A28: TOPLAM BİRİM MALİYET (Maden → Kırıcı Çıkışı)
A29: TOPLAM BİRİM MALİYET | C29: =C7+C12+C20+C25 -> 54.081111 | D29: TL/ton
A31: DÖNEMLİK MALİYET VE BOYUT BAZINDA DAĞILIM
A32: Agrega Boyutu | B32: Oran | C32: Tonaj (ton) | D32: Birim Maliyet (TL/ton) | E32: Toplam Maliyet (TL)
A33: 0-5 mm | B33: =Parametreler!$C$32 -> 0.3 | C33: =Parametreler!$C$39*B33 -> 1500 | D33: =C29 -> 54.081111 | E33: =C33*D33 -> 81121.667
A34: 5-12 mm | B34: =Parametreler!$C$33 -> 0.25 | C34: =Parametreler!$C$39*B34 -> 1250 | D34: =C29 -> 54.081111 | E34: =C34*D34 -> 67601.389
A35: 12-19 mm | B35: =Parametreler!$C$34 -> 0.25 | C35: =Parametreler!$C$39*B35 -> 1250 | D35: =C29 -> 54.081111 | E35: =C35*D35 -> 67601.389
A36: 19-32 mm | B36: =Parametreler!$C$35 -> 0.2 | C36: =Parametreler!$C$39*B36 -> 1000 | D36: =C29 -> 54.081111 | E36: =C36*D36 -> 54081.111
A37: TOPLAM | B37: =SUM(B33:B36) -> 1 | C37: =SUM(C33:C36) -> 5000 | E37: =SUM(E33:E36) -> 270405.56
A39: NOT: Tüm agrega boyutları aynı söküm-yükleme-nakliye-kırma sürecinden geçtiği için birim maliyet (TL/ton) boyuttan bağımsız aynıdır; toplam maliyet farkı yalnızca üretilen tonaja (oran) bağlıdır. Parametreler sayfasındaki sarı hücreler güncellendiğinde tüm tablo otomatik yeniden hesaplanır.

Sheet Özet Rapor
A1: ÖZET RAPOR
A2: Agrega Maliyet Analizi - Aşama ve Boyut Bazında Dağılım
A4: AŞAMA BAZINDA BİRİM MALİYET DAĞILIMI (TL/ton)
A5: Aşama | B5: Birim Maliyet (TL/ton) | C5: Pay (%)
A6: 1. Madende Söküm (Kırıcı) | B6: ='Maliyet Hesaplama'!C7 -> 25.777778 | C6: =B6/'Maliyet Hesaplama'!C29 -> 0.4766503
A7: 2. Ekskavatör Yükleme | B7: ='Maliyet Hesaplama'!C12 -> 11.333333 | C7: =B7/'Maliyet Hesaplama'!C29 -> 0.20956177
A8: 3. Nakliye (3 km) | B8: ='Maliyet Hesaplama'!C20 -> 8.97 | C8: =B8/'Maliyet Hesaplama'!C29 -> 0.16586198
A9: 4. Kırıcı Tesis (Kırma+Eleme+Elektrik) | B9: ='Maliyet Hesaplama'!C25 -> 8 | C9: =B9/'Maliyet Hesaplama'!C29 -> 0.14792595
A10: TOPLAM | B10: =SUM(B6:B9) -> 54.081111 | C10: =SUM(C6:C9) -> 1
A24: BOYUT BAZINDA TONAJ VE TOPLAM MALİYET
A25: Agrega Boyutu | B25: Tonaj (ton) | C25: Toplam Maliyet (TL)
A26: ='Maliyet Hesaplama'!A33 -> 0-5 mm | B26: ='Maliyet Hesaplama'!C33 -> 1500 | C26: ='Maliyet Hesaplama'!E33 -> 81121.667
A27: ='Maliyet Hesaplama'!A34 -> 5-12 mm | B27: ='Maliyet Hesaplama'!C34 -> 1250 | C27: ='Maliyet Hesaplama'!E34 -> 67601.389
A28: ='Maliyet Hesaplama'!A35 -> 12-19 mm | B28: ='Maliyet Hesaplama'!C35 -> 1250 | C28: ='Maliyet Hesaplama'!E35 -> 67601.389
A29: ='Maliyet Hesaplama'!A36 -> 19-32 mm | B29: ='Maliyet Hesaplama'!C36 -> 1000 | C29: ='Maliyet Hesaplama'!E36 -> 54081.111
