Workbook

Sheet Parametreler
B1: KARS BELEDİYESİ
B2: AGREGA ÜRETİM MALİYET ANALİZİ – PARAMETRELER
B3: ⚙ Mavi hücrelerdeki değerleri girin – tüm hesaplamalar otomatik güncellenir
B5: A) GENEL BİLGİLER
B6: Proje | C6: Agrega Temini | D6: —
B7: Maden Ocağı Adı | C7: KARS BELEDİYESİ | D7: — | E7: Doldurunuz
B8: Analiz Dönemi | C8: 2026 | D8: Yıl
B9: Üretim Kapasitesi (Hedef) | C9: 500 | D9: ton/gün | E9: Tesis kapasitesine göre
B10: Yıllık Çalışma Günü | C10: 250 | D10: gün
B12: B) MADEN KIRICI & YÜKLEME MALİYETLERİ
B13: Kırıcı (Maden Sahası) Yakıt | C13: 8.5 | D13: ₺/ton | E13: Sahadaki birincil kırma
B14: Kırıcı Bakım & Yedek Parça | C14: 3.2 | D14: ₺/ton
B15: Yükleyici (Loder/Ekskavatör) Yakıt | C15: 6.8 | D15: ₺/ton
B16: Yükleyici Bakım | C16: 2.5 | D16: ₺/ton
B18: C) HARFİYAT NAKLİYESİ (Maden Sahası → İşleme Sahası)
B19: Kamyon Yakıt Maliyeti | C19: 10 | D19: ₺/ton | E19: Mesafeye göre güncelleyin
B21: D) İŞLEME SAHASI – ELEME TESİSİ
B22: Elek Elektrik | C22: 2.5 | D22: ₺/ton
B23: Eleme Tesisi Bakım & Yedek Parça | C23: 6 | D23: ₺/ton | E23: Aylık ortalama bölünerek
B24: Yıkama Suyu & Pompa | C24: 1.2 | D24: ₺/ton | E24: Gerekiyorsa
B26: E) GENEL GİDERLER
B27: Genel Giderler | C27: 0 | D27: ₺/ton | E27: Tüm dolaylı/sabit giderler tek kalemde
B29: F) AGREGA BOYUT DAĞILIMI & SATIŞ FİYATI
B30: Boyut Grubu | C30: Üretim Payı (%) | D30: Satış Fiyatı (₺/ton) | E30: Stok Hedefi (ton)
B31: 0-5 mm | C31: 0.3 | D31: 180 | E31: 1000
B32: 5-12 mm | C32: 0.25 | D32: 220 | E32: 1000
B33: 12-19 mm | C33: 0.25 | D33: 240 | E33: 1000
B34: 19-32 mm | C34: 0.2 | D34: 250 | E34: 1000
B35: Toplam Pay Kontrolü (= %100 olmalı) | C35: =SUM(C31:C34) -> 1 | E35: =SUM(E31:E34) -> 4000

Sheet Maliyet Hesaplama
B1: KARS BELEDİYESİ –
B2: AGREGA ÜRETİM MALİYET HESAPLAMA – TON BAŞINA & TOPLAM
B4: MALİYET KALEMİ | C4: KAYNAK / NOT | D4: ₺/Ton (Birim Maliyet) | E4: Günlük Ton | F4: Toplam Maliyet (₺/gün)
B6: 1. MADEN KIRICI & YÜKLEME MALİYETLERİ
B7: Kırıcı (Maden Sahası) Yakıt | D7: 7.5 | E7: 500 | F7: =D7*E7 -> 3750
B8: Kırıcı Bakım & Yedek Parça | D8: =Parametreler!C14 -> 3.2 | E8: 500 | F8: =D8*E8 -> 1600
B9: Yükleyici Yakıt | D9: =Parametreler!C15 -> 6.8 | E9: 500 | F9: =D9*E9 -> 3400
B10: Yükleyici Bakım | D10: =Parametreler!C16 -> 2.5 | E10: 500 | F10: =D10*E10 -> 1250
B11: ARA TOPLAM – Maden Kırıcı & Yükleme | D11: =SUM(D7:D10) -> 20 | E11: 500 | F11: =SUM(F7:F10) -> 10000
B13: 2. HARFİYAT NAKLİYESİ (Maden → İşleme Sahası)
B14: Kamyon Yakıt Maliyeti | C14: Mesafeye göre Parametreler'de güncelleyin | D14: =Parametreler!C19 -> 10 | E14: 500 | F14: =D14*E14 -> 5000
B15: ARA TOPLAM – Harfiyat Nakliyesi | D15: =SUM(D14:D14) -> 10 | E15: 500 | F15: =SUM(F14:F14) -> 5000
B17: 3. İŞLEME SAHASI – ELEME TESİSİ
B18: Elek Elektrik | D18: =Parametreler!C22 -> 2.5 | E18: 500 | F18: =D18*E18 -> 1250
B19: Eleme Tesisi Bakım & Yedek Parça | D19: =Parametreler!C23 -> 6 | E19: 500 | F19: =D19*E19 -> 3000
B20: Yıkama Suyu & Pompa | D20: =Parametreler!C24 -> 1.2 | E20: 500 | F20: =D20*E20 -> 600
B21: ARA TOPLAM – Eleme Tesisi | D21: =SUM(D18:D20) -> 9.7 | E21: 500 | F21: =SUM(F18:F20) -> 4850
B23: 4. GENEL GİDERLER
B24: Genel Giderler | C24: Tek kalem – Parametreler'den | D24: =Parametreler!C27 -> 0 | E24: 500 | F24: =D24*E24 -> 0
B25: ARA TOPLAM – Genel Giderler | D25: =SUM(D24:D24) -> 0 | E25: 500 | F25: =SUM(F24:F24) -> 0
B27: ✅ TOPLAM ÜRETİM MALİYETİ (₺/Ton) | D27: =D11+D15+D21+D25 -> 39.7 | E27: 500 | F27: =F11+F15+F21+F25 -> 19850

Sheet Stok ve Boyut Maliyeti
B1: KARS BELEDİYESİ – AGREGA BOYUT SINIFINA GÖRE MALİYET & STOK ANALİZİ
B2: Veriler Parametreler sayfasından otomatik çekilmektedir
B4: AGREGA BOYUT SINIFI | C4: Üretim Payı (%) | D4: Günlük Üretim (ton) | E4: Toplam Maliyet (₺/ton) | F4: Üretim Maliyeti (₺/gün) | G4: Satış Fiyatı (₺/ton) | H4: Brüt Kâr/Zarar (₺/ton) | I4: Stok Hedefi (ton)
B5: =Parametreler!B31 -> 0-5 mm | C5: =Parametreler!C31 -> 0.3 | D5: 150 | E5: ='Maliyet Hesaplama'!D27 -> 39.7 | F5: =D5*E5 -> 5955 | G5: =Parametreler!D31 -> 180 | H5: =G5-E5 -> 140.3 | I5: =Parametreler!E31 -> 1000
B6: =Parametreler!B32 -> 5-12 mm | C6: =Parametreler!C32 -> 0.25 | D6: 125 | E6: ='Maliyet Hesaplama'!D27 -> 39.7 | F6: =D6*E6 -> 4962.5 | G6: =Parametreler!D32 -> 220 | H6: =G6-E6 -> 180.3 | I6: =Parametreler!E32 -> 1000
B7: =Parametreler!B33 -> 12-19 mm | C7: =Parametreler!C33 -> 0.25 | D7: 125 | E7: ='Maliyet Hesaplama'!D27 -> 39.7 | F7: =D7*E7 -> 4962.5 | G7: =Parametreler!D33 -> 240 | H7: =G7-E7 -> 200.3 | I7: =Parametreler!E33 -> 1000
B8: =Parametreler!B34 -> 19-32 mm | C8: =Parametreler!C34 -> 0.2 | D8: 100 | E8: ='Maliyet Hesaplama'!D27 -> 39.7 | F8: =D8*E8 -> 3970 | G8: =Parametreler!D34 -> 250 | H8: =G8-E8 -> 210.3 | I8: =Parametreler!E34 -> 1000
B9: TOPLAM / AĞIRLIKLI ORTALAMA | C9: =SUM(C5:C8) -> 1 | D9: =SUM(D5:D8) -> 500 | E9: ='Maliyet Hesaplama'!D27 -> 39.7 | F9: =SUM(F5:F8) -> 19850 | G9: =SUMPRODUCT(C5:C8,G5:G8) -> 219 | H9: =G9-E9 -> 179.3 | I9: =SUM(I5:I8) -> 4000
B11: STOK ALANI – TOPLAM DEĞER ANALİZİ
B12: Boyut Sınıfı | C12: Stok Hedefi (ton) | D12: Maliyet (₺/ton) | E12: Toplam Stok Maliyeti (₺) | F12: Satış Fiyatı (₺/ton) | G12: Toplam Stok Değeri (₺) | H12: Potansiyel Kâr (₺) | I12: Stok Payı (%)
B13: =Parametreler!B31 -> 0-5 mm | C13: =Parametreler!E31 -> 1000 | D13: ='Maliyet Hesaplama'!D27 -> 39.7 | E13: =C13*D13 -> 39700 | F13: =Parametreler!D31 -> 180 | G13: =C13*F13 -> 180000 | H13: =G13-E13 -> 140300 | I13: =IFERROR(C13/SUM(C$13:C$16),0) -> 0.25
B14: =Parametreler!B32 -> 5-12 mm | C14: =Parametreler!E32 -> 1000 | D14: ='Maliyet Hesaplama'!D27 -> 39.7 | E14: =C14*D14 -> 39700 | F14: =Parametreler!D32 -> 220 | G14: =C14*F14 -> 220000 | H14: =G14-E14 -> 180300 | I14: =IFERROR(C14/SUM(C$13:C$16),0) -> 0.25
B15: =Parametreler!B33 -> 12-19 mm | C15: =Parametreler!E33 -> 1000 | D15: ='Maliyet Hesaplama'!D27 -> 39.7 | E15: =C15*D15 -> 39700 | F15: =Parametreler!D33 -> 240 | G15: =C15*F15 -> 240000 | H15: =G15-E15 -> 200300 | I15: =IFERROR(C15/SUM(C$13:C$16),0) -> 0.25
B16: =Parametreler!B34 -> 19-32 mm | C16: =Parametreler!E34 -> 1000 | D16: ='Maliyet Hesaplama'!D27 -> 39.7 | E16: =C16*D16 -> 39700 | F16: =Parametreler!D34 -> 250 | G16: =C16*F16 -> 250000 | H16: =G16-E16 -> 210300 | I16: =IFERROR(C16/SUM(C$13:C$16),0) -> 0.25
B17: STOK GENEL TOPLAMI | C17: =SUM(C13:C16) -> 4000 | E17: =SUM(E13:E16) -> 158800 | G17: =SUM(G13:G16) -> 890000 | H17: =SUM(H13:H16) -> 731200 | I17: =SUM(I13:I16) -> 1

Sheet Özet Rapor
B1: KARS BELEDİYESİ
B2: AGREGA ÜRETİM – YÖNETİM ÖZET RAPORU
B4: ⚡ TEMEL MALİYET GÖSTERGELERİ
B5: Toplam Üretim Maliyeti (₺/ton) | C5: ='Maliyet Hesaplama'!D27 -> 39.7
B6: Günlük Üretim Hedefi (ton/gün) | C6: 500
B7: Yıllık Üretim Hedefi (ton/yıl) | C7: =Parametreler!C10*Parametreler!C11 -> 0
B8: Günlük Toplam Maliyet (₺/gün) | C8: ='Maliyet Hesaplama'!F27 -> 19850
B9: Aylık Toplam Maliyet (₺/ay) | C9: ='Maliyet Hesaplama'!F27*(Parametreler!C11/12) -> 0
B10: Yıllık Toplam Maliyet (₺/yıl) | C10: ='Maliyet Hesaplama'!F27*Parametreler!C11 -> 0
B12: 📦 STOK & SATIŞ GÖSTERGELERİ
B13: Toplam Stok Hedefi (ton) | C13: ='Stok ve Boyut Maliyeti'!C17 -> 4000
B14: Toplam Stok Maliyeti (₺) | C14: ='Stok ve Boyut Maliyeti'!E17 -> 158800
B15: Toplam Stok Satış Değeri (₺) | C15: ='Stok ve Boyut Maliyeti'!G17 -> 890000
B16: Potansiyel Toplam Kâr (₺) | C16: ='Stok ve Boyut Maliyeti'!H17 -> 731200
B17: Ağırlıklı Ort. Satış Fiyatı (₺/ton) | C17: ='Stok ve Boyut Maliyeti'!G9 -> 219
B18: Ağırlıklı Ort. Kâr/Zarar (₺/ton) | C18: ='Stok ve Boyut Maliyeti'!H9 -> 179.3
B20: 📊 MALİYET DAĞILIMI – ARA TOPLAMLAR
B21: Maliyet Grubu | C21: ₺/Ton | D21: ₺/Gün | E21: Toplam Payı (%)
B22: Maden Kırıcı & Yükleme | C22: ='Maliyet Hesaplama'!D11 -> 20 | D22: ='Maliyet Hesaplama'!F11 -> 10000 | E22: =IFERROR(C22/'Maliyet Hesaplama'!D27,0) -> 0.50377834
B23: Harfiyat Nakliyesi | C23: ='Maliyet Hesaplama'!D15 -> 10 | D23: ='Maliyet Hesaplama'!F15 -> 5000 | E23: =IFERROR(C23/'Maliyet Hesaplama'!D27,0) -> 0.25188917
B24: İşleme Sahası – Eleme | C24: ='Maliyet Hesaplama'!D21 -> 9.7 | D24: ='Maliyet Hesaplama'!F21 -> 4850 | E24: =IFERROR(C24/'Maliyet Hesaplama'!D27,0) -> 0.24433249
B25: Genel Giderler | C25: ='Maliyet Hesaplama'!D25 -> 0 | D25: ='Maliyet Hesaplama'!F25 -> 0 | E25: =IFERROR(C25/'Maliyet Hesaplama'!D27,0) -> 0
B26: GENEL TOPLAM | C26: ='Maliyet Hesaplama'!D27 -> 39.7 | D26: ='Maliyet Hesaplama'!F27 -> 19850 | E26: =SUM(E22:E25) -> 1
