Workbook
Name LST_ARACCINSI: Parametreler!$D$4:$D$11
Name LST_AY: Parametreler!$E$4:$E$15
Name LST_MUDURLUK: Parametreler!$A$4:$A$17
Name LST_PLAKA: 'Araç Tanımlama'!$A$5:$A$200
Name LST_SAYACTIPI: Parametreler!$C$4:$C$5
Name LST_YAKITTURU: Parametreler!$B$4:$B$6

Sheet Araç Tanımlama
A1: KARS BELEDİYESİ ARAÇ FİLOSU TANIMLAMA
A2: Diğer sayfalardaki plaka açılır listeleri bu tablodan beslenir
A4: Plaka | B4: Araç Cinsi | C4: Marka / Model | D4: Müdürlük | E4: Yakıt Türü | F4: Sayaç Tipi | G4: Norm Tüketim (lt/100km veya lt/saat) | H4: Açıklama
A5: 36 AB 123 | B5: Kamyon | C5: Ford Cargo 2528 | D5: Fen İşleri Müdürlüğü | E5: Motorin | F5: Kilometre (km) | G5: 32 | H5: Damperli kamyon
A203: Açıklama: Norm Tüketim, sayaç tipi km ise lt/100km, saat ise lt/saat cinsindendir. Bu değer Tüketim Analizi sayfasında karşılaştırma için kullanılır.

Sheet Yakıt Alım Kayıt
A1: KARS BELEDİYESİ YAKIT ALIM / TÜKETİM KAYIT DEFTERİ
A2: Plaka seçildiğinde Müdürlük ve Yakıt Türü otomatik doldurulur
A4: Sıra No | B4: Tarih | C4: Ay | D4: Plaka | E4: Müdürlük | F4: Yakıt Türü | G4: Litre | H4: Birim Fiyat (TL) | I4: Tutar (TL) | J4: Sayaç Değeri | K4: Açıklama
A5: 1 | B5: 46086 | C5: =IF(B5="","",INDEX({"Ocak","Şubat","Mart","Nisan","Mayıs","Haziran","Temmuz","Ağustos","Eylül","Ekim","Kasım","Aralık"},MONTH(B5))) -> Mart | D5: 36 AB 123 | E5: =IFERROR(INDEX('Araç Tanımlama'!$D$5:$D$200,MATCH(D5,'Araç Tanımlama'!$A$5:$A$200,0)),"") -> Fen İşleri Müdürlüğü | F5: =IFERROR(INDEX('Araç Tanımlama'!$E$5:$E$200,MATCH(D5,'Araç Tanımlama'!$A$5:$A$200,0)),"") -> Motorin | G5: 180 | H5: 44.5 | I5: =IF(OR(G5="",H5=""),"",G5*H5) -> 8010 | J5: 45210 | K5: Şantiye sevkiyatı öncesi dolum
A6: =IF(D6="","",COUNTIF($D$5:D6,"?*")) | C6: =IF(B6="","",INDEX({"Ocak","Şubat","Mart","Nisan","Mayıs","Haziran","Temmuz","Ağustos","Eylül","Ekim","Kasım","Aralık"},MONTH(B6))) | E6: =IFERROR(INDEX('Araç Tanımlama'!$D$5:$D$200,MATCH(D6,'Araç Tanımlama'!$A$5:$A$200,0)),"") | F6: =IFERROR(INDEX('Araç Tanımlama'!$E$5:$E$200,MATCH(D6,'Araç Tanımlama'!$A$5:$A$200,0)),"") | I6: =IF(OR(G6="",H6=""),"",G6*H6)
A7: =IF(D7="","",COUNTIF($D$5:D7,"?*")) | C7: =IF(B7="","",INDEX({"Ocak","Şubat","Mart","Nisan","Mayıs","Haziran","Temmuz","Ağustos","Eylül","Ekim","Kasım","Aralık"},MONTH(B7))) | E7: =IFERROR(INDEX('Araç Tanımlama'!$D$5:$D$200,MATCH(D7,'Araç Tanımlama'!$A$5:$A$200,0)),"") | F7: =IFERROR(INDEX('Araç Tanımlama'!$E$5:$E$200,MATCH(D7,'Araç Tanımlama'!$A$5:$A$200,0)),"") | I7: =IF(OR(G7="",H7=""),"",G7*H7)
A8: =IF(D8="","",COUNTIF($D$5:D8,"?*")) | C8: =IF(B8="","",INDEX({"Ocak","Şubat","Mart","Nisan","Mayıs","Haziran","Temmuz","Ağustos","Eylül","Ekim","Kasım","Aralık"},MONTH(B8))) | E8: =IFERROR(INDEX('Araç Tanımlama'!$D$5:$D$200,MATCH(D8,'Araç Tanımlama'!$A$5:$A$200,0)),"") | F8: =IFERROR(INDEX('Araç Tanımlama'!$E$5:$E$200,MATCH(D8,'Araç Tanımlama'!$A$5:$A$200,0)),"") | I8: =IF(OR(G8="",H8=""),"",G8*H8)
A9: =IF(D9="","",COUNTIF($D$5:D9,"?*")) | C9: =IF(B9="","",INDEX({"Ocak","Şubat","Mart","Nisan","Mayıs","Haziran","Temmuz","Ağustos","Eylül","Ekim","Kasım","Aralık"},MONTH(B9))) | E9: =IFERROR(INDEX('Araç Tanımlama'!$D$5:$D$200,MATCH(D9,'Araç Tanımlama'!$A$5:$A$200,0)),"") | F9: =IFERROR(INDEX('Araç Tanımlama'!$E$5:$E$200,MATCH(D9,'Araç Tanımlama'!$A$5:$A$200,0)),"") | I9: =IF(OR(G9="",H9=""),"",G9*H9)
A10: =IF(D10="","",COUNTIF($D$5:D10,"?*")) | C10: =IF(B10="","",INDEX({"Ocak","Şubat","Mart","Nisan","Mayıs","Haziran","Temmuz","Ağustos","Eylül","Ekim","Kasım","Aralık"},MONTH(B10))) | E10: =IFERROR(INDEX('Araç Tanımlama'!$D$5:$D$200,MATCH(D10,'Araç Tanımlama'!$A$5:$A$200,0)),"") | F10: =IFERROR(INDEX('Araç Tanımlama'!$E$5:$E$200,MATCH(D10,'Araç Tanımlama'!$A$5:$A$200,0)),"") | I10: =IF(OR(G10="",H10=""),"",G10*H10)
A11: =IF(D11="","",COUNTIF($D$5:D11,"?*")) | C11: =IF(B11="","",INDEX({"Ocak","Şubat","Mart","Nisan","Mayıs","Haziran","Temmuz","Ağustos","Eylül","Ekim","Kasım","Aralık"},MONTH(B11))) | E11: =IFERROR(INDEX('Araç Tanımlama'!$D$5:$D$200,MATCH(D11,'Araç Tanımlama'!$A$5:$A$200,0)),"") | F11: =IFERROR(INDEX('Araç Tanımlama'!$E$5:$E$200,MATCH(D11,'Araç Tanımlama'!$A$5:$A$200,0)),"") | I11: =IF(OR(G11="",H11=""),"",G11*H11)
A12: =IF(D12="","",COUNTIF($D$5:D12,"?*")) | C12: =IF(B12="","",INDEX({"Ocak","Şubat","Mart","Nisan","Mayıs","Haziran","Temmuz","Ağustos","Eylül","Ekim","Kasım","Aralık"},MONTH(B12))) | E12: =IFERROR(INDEX('Araç Tanımlama'!$D$5:$D$200,MATCH(D12,'Araç Tanımlama'!$A$5:$A$200,0)),"") | F12: =IFERROR(INDEX('Araç Tanımlama'!$E$5:$E$200,MATCH(D12,'Araç Tanımlama'!$A$5:$A$200,0)),"") | I12: =IF(OR(G12="",H12=""),"",G12*H12)
A13: =IF(D13="","",COUNTIF($D$5:D13,"?*")) | C13: =IF(B13="","",INDEX({"Ocak","Şubat","Mart","Nisan","Mayıs","Haziran","Temmuz","Ağustos","Eylül","Ekim","Kasım","Aralık"},MONTH(B13))) | E13: =IFERROR(INDEX('Araç Tanımlama'!$D$5:$D$200,MATCH(D13,'Araç Tanımlama'!$A$5:$A$200,0)),"") | F13: =IFERROR(INDEX('Araç Tanımlama'!$E$5:$E$200,MATCH(D13,'Araç Tanımlama'!$A$5:$A$200,0)),"") | I13: =IF(OR(G13="",H13=""),"",G13*H13)
A14: =IF(D14="","",COUNTIF($D$5:D14,"?*")) | C14: =IF(B14="","",INDEX({"Ocak","Şubat","Mart","Nisan","Mayıs","Haziran","Temmuz","Ağustos","Eylül","Ekim","Kasım","Aralık"},MONTH(B14))) | E14: =IFERROR(INDEX('Araç Tanımlama'!$D$5:$D$200,MATCH(D14,'Araç Tanımlama'!$A$5:$A$200,0)),"") | F14: =IFERROR(INDEX('Araç Tanımlama'!$E$5:$E$200,MATCH(D14,'Araç Tanımlama'!$A$5:$A$200,0)),"") | I14: =IF(OR(G14="",H14=""),"",G14*H14)
A15: =IF(D15="","",COUNTIF($D$5:D15,"?*")) | C15: =IF(B15="","",INDEX({"Ocak","Şubat","Mart","Nisan","Mayıs","Haziran","Temmuz","Ağustos","Eylül","Ekim","Kasım","Aralık"},MONTH(B15))) | E15: =IFERROR(INDEX('Araç Tanımlama'!$D$5:$D$200,MATCH(D15,'Araç Tanımlama'!$A$5:$A$200,0)),"") | F15: =IFERROR(INDEX('Araç Tanımlama'!$E$5:$E$200,MATCH(D15,'Araç Tanımlama'!$A$5:$A$200,0)),"") | I15: =IF(OR(G15="",H15=""),"",G15*H15)
A16: =IF(D16="","",COUNTIF($D$5:D16,"?*")) | C16: =IF(B16="","",INDEX({"Ocak","Şubat","Mart","Nisan","Mayıs","Haziran","Temmuz","Ağustos","Eylül","Ekim","Kasım","Aralık"},MONTH(B16))) | E16: =IFERROR(INDEX('Araç Tanımlama'!$D$5:$D$200,MATCH(D16,'Araç Tanımlama'!$A$5:$A$200,0)),"") | F16: =IFERROR(INDEX('Araç Tanımlama'!$E$5:$E$200,MATCH(D16,'Araç Tanımlama'!$A$5:$A$200,0)),"") | I16: =IF(OR(G16="",H16=""),"",G16*H16)
A17: =IF(D17="","",COUNTIF($D$5:D17,"?*")) | C17: =IF(B17="","",INDEX({"Ocak","Şubat","Mart","Nisan","Mayıs","Haziran","Temmuz","Ağustos","Eylül","Ekim","Kasım","Aralık"},MONTH(B17))) | E17: =IFERROR(INDEX('Araç Tanımlama'!$D$5:$D$200,MATCH(D17,'Araç Tanımlama'!$A$5:$A$200,0)),"") | F17: =IFERROR(INDEX('Araç Tanımlama'!$E$5:$E$200,MATCH(D17,'Araç Tanımlama'!$A$5:$A$200,0)),"") | I17: =IF(OR(G17="",H17=""),"",G17*H17)
... A1500: =IF(D1500="","",COUNTIF($D$5:D1500,"?*")) | C1500: =IF(B1500="","",INDEX({"Ocak","Şubat","Mart","Nisan","Mayıs","Haziran","Temmuz","Ağustos","Eylül","Ekim","Kasım","Aralık"},MONTH(B1500))) | E1500: =IFERROR(INDEX('Araç Tanımlama'!$D$5:$D$200,MATCH(D1500,'Araç Tanımlama'!$A$5:$A$200,0)),"") | F1500: =IFERROR(INDEX('Araç Tanımlama'!$E$5:$E$200,MATCH(D1500,'Araç Tanımlama'!$A$5:$A$200,0)),"") | I1500: =IF(OR(G1500="",H1500=""),"",G1500*H1500)
A1503: Açıklama: Sarı hücreler veri girişi içindir. Sayaç Değeri, dolum anındaki toplam km veya çalışma saatidir (kümülatif, sıfırlanmaz).

Sheet Tüketim Analizi
A1: KARS BELEDİYESİ ARAÇ BAZLI YAKIT TÜKETİM ANALİZİ
A2: Araç Tanımlama ve Yakıt Alım Kayıt sayfalarından otomatik hesaplanır
A4: Plaka | B4: Müdürlük | C4: Yakıt Türü | D4: Sayaç Tipi | E4: Toplam Litre | F4: Toplam Tutar (TL) | G4: Sayaç Farkı (Km/Saat) | H4: Gerçek Tüketim (lt/100km veya lt/saat) | I4: Norm Tüketim | J4: Durum
A5: =IF('Araç Tanımlama'!A5="","",'Araç Tanımlama'!A5) -> 36 AB 123 | B5: =IF($A5="","",'Araç Tanımlama'!D5) -> Fen İşleri Müdürlüğü | C5: =IF($A5="","",'Araç Tanımlama'!E5) -> Motorin | D5: =IF($A5="","",'Araç Tanımlama'!F5) -> Kilometre (km) | E5: =IF($A5="","",SUMIFS('Yakıt Alım Kayıt'!$G$5:$G$1500,'Yakıt Alım Kayıt'!$D$5:$D$1500,$A5)) -> 180 | F5: =IF($A5="","",SUMIFS('Yakıt Alım Kayıt'!$I$5:$I$1500,'Yakıt Alım Kayıt'!$D$5:$D$1500,$A5)) -> 8010 | G5: =IF($A5="","",IFERROR(_xludf.maxifs('Yakıt Alım Kayıt'!$J$5:$J$1500,'Yakıt Alım Kayıt'!$D$5:$D$1500,$A5)-_xludf.minifs('Yakıt Alım Kayıt'!$J$5:$J$1500,'Yakıt Alım Kayıt'!$D$5:$D$1500,$A5),0)) -> 0 | H5: =IF(OR($A5="",$G5=0,$G5=""),"",IF($D5="Kilometre (km)",$E5/($G5/100),$E5/$G5)) | I5: =IF($A5="","",'Araç Tanımlama'!G5) -> 32 | J5: =IF(OR($A5="",$H5="",$I5=""),"",IF($H5>$I5*1.15,"YÜKSEK",IF($H5>$I5*1.05,"DİKKAT","NORMAL")))
A6: =IF('Araç Tanımlama'!A6="","",'Araç Tanımlama'!A6) | B6: =IF($A6="","",'Araç Tanımlama'!D6) | C6: =IF($A6="","",'Araç Tanımlama'!E6) | D6: =IF($A6="","",'Araç Tanımlama'!F6) | E6: =IF($A6="","",SUMIFS('Yakıt Alım Kayıt'!$G$5:$G$1500,'Yakıt Alım Kayıt'!$D$5:$D$1500,$A6)) | F6: =IF($A6="","",SUMIFS('Yakıt Alım Kayıt'!$I$5:$I$1500,'Yakıt Alım Kayıt'!$D$5:$D$1500,$A6)) | G6: =IF($A6="","",IFERROR(_xludf.maxifs('Yakıt Alım Kayıt'!$J$5:$J$1500,'Yakıt Alım Kayıt'!$D$5:$D$1500,$A6)-_xludf.minifs('Yakıt Alım Kayıt'!$J$5:$J$1500,'Yakıt Alım Kayıt'!$D$5:$D$1500,$A6),0)) | H6: =IF(OR($A6="",$G6=0,$G6=""),"",IF($D6="Kilometre (km)",$E6/($G6/100),$E6/$G6)) | I6: =IF($A6="","",'Araç Tanımlama'!G6) | J6: =IF(OR($A6="",$H6="",$I6=""),"",IF($H6>$I6*1.15,"YÜKSEK",IF($H6>$I6*1.05,"DİKKAT","NORMAL")))
A7: =IF('Araç Tanımlama'!A7="","",'Araç Tanımlama'!A7) | B7: =IF($A7="","",'Araç Tanımlama'!D7) | C7: =IF($A7="","",'Araç Tanımlama'!E7) | D7: =IF($A7="","",'Araç Tanımlama'!F7) | E7: =IF($A7="","",SUMIFS('Yakıt Alım Kayıt'!$G$5:$G$1500,'Yakıt Alım Kayıt'!$D$5:$D$1500,$A7)) | F7: =IF($A7="","",SUMIFS('Yakıt Alım Kayıt'!$I$5:$I$1500,'Yakıt Alım Kayıt'!$D$5:$D$1500,$A7)) | G7: =IF($A7="","",IFERROR(_xludf.maxifs('Yakıt Alım Kayıt'!$J$5:$J$1500,'Yakıt Alım Kayıt'!$D$5:$D$1500,$A7)-_xludf.minifs('Yakıt Alım Kayıt'!$J$5:$J$1500,'Yakıt Alım Kayıt'!$D$5:$D$1500,$A7),0)) | H7: =IF(OR($A7="",$G7=0,$G7=""),"",IF($D7="Kilometre (km)",$E7/($G7/100),$E7/$G7)) | I7: =IF($A7="","",'Araç Tanımlama'!G7) | J7: =IF(OR($A7="",$H7="",$I7=""),"",IF($H7>$I7*1.15,"YÜKSEK",IF($H7>$I7*1.05,"DİKKAT","NORMAL")))
A8: =IF('Araç Tanımlama'!A8="","",'Araç Tanımlama'!A8) | B8: =IF($A8="","",'Araç Tanımlama'!D8) | C8: =IF($A8="","",'Araç Tanımlama'!E8) | D8: =IF($A8="","",'Araç Tanımlama'!F8) | E8: =IF($A8="","",SUMIFS('Yakıt Alım Kayıt'!$G$5:$G$1500,'Yakıt Alım Kayıt'!$D$5:$D$1500,$A8)) | F8: =IF($A8="","",SUMIFS('Yakıt Alım Kayıt'!$I$5:$I$1500,'Yakıt Alım Kayıt'!$D$5:$D$1500,$A8)) | G8: =IF($A8="","",IFERROR(_xludf.maxifs('Yakıt Alım Kayıt'!$J$5:$J$1500,'Yakıt Alım Kayıt'!$D$5:$D$1500,$A8)-_xludf.minifs('Yakıt Alım Kayıt'!$J$5:$J$1500,'Yakıt Alım Kayıt'!$D$5:$D$1500,$A8),0)) | H8: =IF(OR($A8="",$G8=0,$G8=""),"",IF($D8="Kilometre (km)",$E8/($G8/100),$E8/$G8)) | I8: =IF($A8="","",'Araç Tanımlama'!G8) | J8: =IF(OR($A8="",$H8="",$I8=""),"",IF($H8>$I8*1.15,"YÜKSEK",IF($H8>$I8*1.05,"DİKKAT","NORMAL")))
A9: =IF('Araç Tanımlama'!A9="","",'Araç Tanımlama'!A9) | B9: =IF($A9="","",'Araç Tanımlama'!D9) | C9: =IF($A9="","",'Araç Tanımlama'!E9) | D9: =IF($A9="","",'Araç Tanımlama'!F9) | E9: =IF($A9="","",SUMIFS('Yakıt Alım Kayıt'!$G$5:$G$1500,'Yakıt Alım Kayıt'!$D$5:$D$1500,$A9)) | F9: =IF($A9="","",SUMIFS('Yakıt Alım Kayıt'!$I$5:$I$1500,'Yakıt Alım Kayıt'!$D$5:$D$1500,$A9)) | G9: =IF($A9="","",IFERROR(_xludf.maxifs('Yakıt Alım Kayıt'!$J$5:$J$1500,'Yakıt Alım Kayıt'!$D$5:$D$1500,$A9)-_xludf.minifs('Yakıt Alım Kayıt'!$J$5:$J$1500,'Yakıt Alım Kayıt'!$D$5:$D$1500,$A9),0)) | H9: =IF(OR($A9="",$G9=0,$G9=""),"",IF($D9="Kilometre (km)",$E9/($G9/100),$E9/$G9)) | I9: =IF($A9="","",'Araç Tanımlama'!G9) | J9: =IF(OR($A9="",$H9="",$I9=""),"",IF($H9>$I9*1.15,"YÜKSEK",IF($H9>$I9*1.05,"DİKKAT","NORMAL")))
A10: =IF('Araç Tanımlama'!A10="","",'Araç Tanımlama'!A10) | B10: =IF($A10="","",'Araç Tanımlama'!D10) | C10: =IF($A10="","",'Araç Tanımlama'!E10) | D10: =IF($A10="","",'Araç Tanımlama'!F10) | E10: =IF($A10="","",SUMIFS('Yakıt Alım Kayıt'!$G$5:$G$1500,'Yakıt Alım Kayıt'!$D$5:$D$1500,$A10)) | F10: =IF($A10="","",SUMIFS('Yakıt Alım Kayıt'!$I$5:$I$1500,'Yakıt Alım Kayıt'!$D$5:$D$1500,$A10)) | G10: =IF($A10="","",IFERROR(_xludf.maxifs('Yakıt Alım Kayıt'!$J$5:$J$1500,'Yakıt Alım Kayıt'!$D$5:$D$1500,$A10)-_xludf.minifs('Yakıt Alım Kayıt'!$J$5:$J$1500,'Yakıt Alım Kayıt'!$D$5:$D$1500,$A10),0)) | H10: =IF(OR($A10="",$G10=0,$G10=""),"",IF($D10="Kilometre (km)",$E10/($G10/100),$E10/$G10)) | I10: =IF($A10="","",'Araç Tanımlama'!G10) | J10: =IF(OR($A10="",$H10="",$I10=""),"",IF($H10>$I10*1.15,"YÜKSEK",IF($H10>$I10*1.05,"DİKKAT","NORMAL")))
A11: =IF('Araç Tanımlama'!A11="","",'Araç Tanımlama'!A11) | B11: =IF($A11="","",'Araç Tanımlama'!D11) | C11: =IF($A11="","",'Araç Tanımlama'!E11) | D11: =IF($A11="","",'Araç Tanımlama'!F11) | E11: =IF($A11="","",SUMIFS('Yakıt Alım Kayıt'!$G$5:$G$1500,'Yakıt Alım Kayıt'!$D$5:$D$1500,$A11)) | F11: =IF($A11="","",SUMIFS('Yakıt Alım Kayıt'!$I$5:$I$1500,'Yakıt Alım Kayıt'!$D$5:$D$1500,$A11)) | G11: =IF($A11="","",IFERROR(_xludf.maxifs('Yakıt Alım Kayıt'!$J$5:$J$1500,'Yakıt Alım Kayıt'!$D$5:$D$1500,$A11)-_xludf.minifs('Yakıt Alım Kayıt'!$J$5:$J$1500,'Yakıt Alım Kayıt'!$D$5:$D$1500,$A11),0)) | H11: =IF(OR($A11="",$G11=0,$G11=""),"",IF($D11="Kilometre (km)",$E11/($G11/100),$E11/$G11)) | I11: =IF($A11="","",'Araç Tanımlama'!G11) | J11: =IF(OR($A11="",$H11="",$I11=""),"",IF($H11>$I11*1.15,"YÜKSEK",IF($H11>$I11*1.05,"DİKKAT","NORMAL")))
A12: =IF('Araç Tanımlama'!A12="","",'Araç Tanımlama'!A12) | B12: =IF($A12="","",'Araç Tanımlama'!D12) | C12: =IF($A12="","",'Araç Tanımlama'!E12) | D12: =IF($A12="","",'Araç Tanımlama'!F12) | E12: =IF($A12="","",SUMIFS('Yakıt Alım Kayıt'!$G$5:$G$1500,'Yakıt Alım Kayıt'!$D$5:$D$1500,$A12)) | F12: =IF($A12="","",SUMIFS('Yakıt Alım Kayıt'!$I$5:$I$1500,'Yakıt Alım Kayıt'!$D$5:$D$1500,$A12)) | G12: =IF($A12="","",IFERROR(_xludf.maxifs('Yakıt Alım Kayıt'!$J$5:$J$1500,'Yakıt Alım Kayıt'!$D$5:$D$1500,$A12)-_xludf.minifs('Yakıt Alım Kayıt'!$J$5:$J$1500,'Yakıt Alım Kayıt'!$D$5:$D$1500,$A12),0)) | H12: =IF(OR($A12="",$G12=0,$G12=""),"",IF($D12="Kilometre (km)",$E12/($G12/100),$E12/$G12)) | I12: =IF($A12="","",'Araç Tanımlama'!G12) | J12: =IF(OR($A12="",$H12="",$I12=""),"",IF($H12>$I12*1.15,"YÜKSEK",IF($H12>$I12*1.05,"DİKKAT","NORMAL")))
A13: =IF('Araç Tanımlama'!A13="","",'Araç Tanımlama'!A13) | B13: =IF($A13="","",'Araç Tanımlama'!D13) | C13: =IF($A13="","",'Araç Tanımlama'!E13) | D13: =IF($A13="","",'Araç Tanımlama'!F13) | E13: =IF($A13="","",SUMIFS('Yakıt Alım Kayıt'!$G$5:$G$1500,'Yakıt Alım Kayıt'!$D$5:$D$1500,$A13)) | F13: =IF($A13="","",SUMIFS('Yakıt Alım Kayıt'!$I$5:$I$1500,'Yakıt Alım Kayıt'!$D$5:$D$1500,$A13)) | G13: =IF($A13="","",IFERROR(_xludf.maxifs('Yakıt Alım Kayıt'!$J$5:$J$1500,'Yakıt Alım Kayıt'!$D$5:$D$1500,$A13)-_xludf.minifs('Yakıt Alım Kayıt'!$J$5:$J$1500,'Yakıt Alım Kayıt'!$D$5:$D$1500,$A13),0)) | H13: =IF(OR($A13="",$G13=0,$G13=""),"",IF($D13="Kilometre (km)",$E13/($G13/100),$E13/$G13)) | I13: =IF($A13="","",'Araç Tanımlama'!G13) | J13: =IF(OR($A13="",$H13="",$I13=""),"",IF($H13>$I13*1.15,"YÜKSEK",IF($H13>$I13*1.05,"DİKKAT","NORMAL")))
A14: =IF('Araç Tanımlama'!A14="","",'Araç Tanımlama'!A14) | B14: =IF($A14="","",'Araç Tanımlama'!D14) | C14: =IF($A14="","",'Araç Tanımlama'!E14) | D14: =IF($A14="","",'Araç Tanımlama'!F14) | E14: =IF($A14="","",SUMIFS('Yakıt Alım Kayıt'!$G$5:$G$1500,'Yakıt Alım Kayıt'!$D$5:$D$1500,$A14)) | F14: =IF($A14="","",SUMIFS('Yakıt Alım Kayıt'!$I$5:$I$1500,'Yakıt Alım Kayıt'!$D$5:$D$1500,$A14)) | G14: =IF($A14="","",IFERROR(_xludf.maxifs('Yakıt Alım Kayıt'!$J$5:$J$1500,'Yakıt Alım Kayıt'!$D$5:$D$1500,$A14)-_xludf.minifs('Yakıt Alım Kayıt'!$J$5:$J$1500,'Yakıt Alım Kayıt'!$D$5:$D$1500,$A14),0)) | H14: =IF(OR($A14="",$G14=0,$G14=""),"",IF($D14="Kilometre (km)",$E14/($G14/100),$E14/$G14)) | I14: =IF($A14="","",'Araç Tanımlama'!G14) | J14: =IF(OR($A14="",$H14="",$I14=""),"",IF($H14>$I14*1.15,"YÜKSEK",IF($H14>$I14*1.05,"DİKKAT","NORMAL")))
A15: =IF('Araç Tanımlama'!A15="","",'Araç Tanımlama'!A15) | B15: =IF($A15="","",'Araç Tanımlama'!D15) | C15: =IF($A15="","",'Araç Tanımlama'!E15) | D15: =IF($A15="","",'Araç Tanımlama'!F15) | E15: =IF($A15="","",SUMIFS('Yakıt Alım Kayıt'!$G$5:$G$1500,'Yakıt Alım Kayıt'!$D$5:$D$1500,$A15)) | F15: =IF($A15="","",SUMIFS('Yakıt Alım Kayıt'!$I$5:$I$1500,'Yakıt Alım Kayıt'!$D$5:$D$1500,$A15)) | G15: =IF($A15="","",IFERROR(_xludf.maxifs('Yakıt Alım Kayıt'!$J$5:$J$1500,'Yakıt Alım Kayıt'!$D$5:$D$1500,$A15)-_xludf.minifs('Yakıt Alım Kayıt'!$J$5:$J$1500,'Yakıt Alım Kayıt'!$D$5:$D$1500,$A15),0)) | H15: =IF(OR($A15="",$G15=0,$G15=""),"",IF($D15="Kilometre (km)",$E15/($G15/100),$E15/$G15)) | I15: =IF($A15="","",'Araç Tanımlama'!G15) | J15: =IF(OR($A15="",$H15="",$I15=""),"",IF($H15>$I15*1.15,"YÜKSEK",IF($H15>$I15*1.05,"DİKKAT","NORMAL")))
A16: =IF('Araç Tanımlama'!A16="","",'Araç Tanımlama'!A16) | B16: =IF($A16="","",'Araç Tanımlama'!D16) | C16: =IF($A16="","",'Araç Tanımlama'!E16) | D16: =IF($A16="","",'Araç Tanımlama'!F16) | E16: =IF($A16="","",SUMIFS('Yakıt Alım Kayıt'!$G$5:$G$1500,'Yakıt Alım Kayıt'!$D$5:$D$1500,$A16)) | F16: =IF($A16="","",SUMIFS('Yakıt Alım Kayıt'!$I$5:$I$1500,'Yakıt Alım Kayıt'!$D$5:$D$1500,$A16)) | G16: =IF($A16="","",IFERROR(_xludf.maxifs('Yakıt Alım Kayıt'!$J$5:$J$1500,'Yakıt Alım Kayıt'!$D$5:$D$1500,$A16)-_xludf.minifs('Yakıt Alım Kayıt'!$J$5:$J$1500,'Yakıt Alım Kayıt'!$D$5:$D$1500,$A16),0)) | H16: =IF(OR($A16="",$G16=0,$G16=""),"",IF($D16="Kilometre (km)",$E16/($G16/100),$E16/$G16)) | I16: =IF($A16="","",'Araç Tanımlama'!G16) | J16: =IF(OR($A16="",$H16="",$I16=""),"",IF($H16>$I16*1.15,"YÜKSEK",IF($H16>$I16*1.05,"DİKKAT","NORMAL")))
... A200: =IF('Araç Tanımlama'!A200="","",'Araç Tanımlama'!A200) | B200: =IF($A200="","",'Araç Tanımlama'!D200) | C200: =IF($A200="","",'Araç Tanımlama'!E200) | D200: =IF($A200="","",'Araç Tanımlama'!F200) | E200: =IF($A200="","",SUMIFS('Yakıt Alım Kayıt'!$G$5:$G$1500,'Yakıt Alım Kayıt'!$D$5:$D$1500,$A200)) | F200: =IF($A200="","",SUMIFS('Yakıt Alım Kayıt'!$I$5:$I$1500,'Yakıt Alım Kayıt'!$D$5:$D$1500,$A200)) | G200: =IF($A200="","",IFERROR(_xludf.maxifs('Yakıt Alım Kayıt'!$J$5:$J$1500,'Yakıt Alım Kayıt'!$D$5:$D$1500,$A200)-_xludf.minifs('Yakıt Alım Kayıt'!$J$5:$J$1500,'Yakıt Alım Kayıt'!$D$5:$D$1500,$A200),0)) | H200: =IF(OR($A200="",$G200=0,$G200=""),"",IF($D200="Kilometre (km)",$E200/($G200/100),$E200/$G200)) | I200: =IF($A200="","",'Araç Tanımlama'!G200) | J200: =IF(OR($A200="",$H200="",$I200=""),"",IF($H200>$I200*1.15,"YÜKSEK",IF($H200>$I200*1.05,"DİKKAT","NORMAL")))
A203: Not: DİKKAT = norm tüketimin %5-15 üzeri, YÜKSEK = %15 üzeri gerçek tüketim. Sayaç sıfırlanmadan kümülatif girildiği varsayılır.

Sheet Aylık Rapor
A1: KARS BELEDİYESİ AYLIK AKARYAKIT TÜKETİM RAPORU
A4: Müdürlük Seçin: | B4: Fen İşleri Müdürlüğü | D4: Ay Seçin: | E4: Ocak
A6: Plaka | B6: Yakıt Türü | C6: Litre | D6: Tutar (TL) | E6: İşlem Sayısı | F6: Ortalama Birim Fiyat (TL)
A7: =IF('Araç Tanımlama'!A5="","",IF('Araç Tanımlama'!D5=$B$4,'Araç Tanımlama'!A5,"")) -> 36 AB 123 | B7: =IF($A7="","",'Araç Tanımlama'!E5) -> Motorin | C7: =IF($A7="","",SUMIFS('Yakıt Alım Kayıt'!$G$5:$G$1500,'Yakıt Alım Kayıt'!$D$5:$D$1500,$A7,'Yakıt Alım Kayıt'!$C$5:$C$1500,$E$4)) -> 0 | D7: =IF($A7="","",SUMIFS('Yakıt Alım Kayıt'!$I$5:$I$1500,'Yakıt Alım Kayıt'!$D$5:$D$1500,$A7,'Yakıt Alım Kayıt'!$C$5:$C$1500,$E$4)) -> 0 | E7: =IF($A7="","",COUNTIFS('Yakıt Alım Kayıt'!$D$5:$D$1500,$A7,'Yakıt Alım Kayıt'!$C$5:$C$1500,$E$4)) -> 0 | F7: =IF(OR($A7="",$C7=0,$C7=""),"",$D7/$C7)
A8: =IF('Araç Tanımlama'!A6="","",IF('Araç Tanımlama'!D6=$B$4,'Araç Tanımlama'!A6,"")) | B8: =IF($A8="","",'Araç Tanımlama'!E6) | C8: =IF($A8="","",SUMIFS('Yakıt Alım Kayıt'!$G$5:$G$1500,'Yakıt Alım Kayıt'!$D$5:$D$1500,$A8,'Yakıt Alım Kayıt'!$C$5:$C$1500,$E$4)) | D8: =IF($A8="","",SUMIFS('Yakıt Alım Kayıt'!$I$5:$I$1500,'Yakıt Alım Kayıt'!$D$5:$D$1500,$A8,'Yakıt Alım Kayıt'!$C$5:$C$1500,$E$4)) | E8: =IF($A8="","",COUNTIFS('Yakıt Alım Kayıt'!$D$5:$D$1500,$A8,'Yakıt Alım Kayıt'!$C$5:$C$1500,$E$4)) | F8: =IF(OR($A8="",$C8=0,$C8=""),"",$D8/$C8)
A9: =IF('Araç Tanımlama'!A7="","",IF('Araç Tanımlama'!D7=$B$4,'Araç Tanımlama'!A7,"")) | B9: =IF($A9="","",'Araç Tanımlama'!E7) | C9: =IF($A9="","",SUMIFS('Yakıt Alım Kayıt'!$G$5:$G$1500,'Yakıt Alım Kayıt'!$D$5:$D$1500,$A9,'Yakıt Alım Kayıt'!$C$5:$C$1500,$E$4)) | D9: =IF($A9="","",SUMIFS('Yakıt Alım Kayıt'!$I$5:$I$1500,'Yakıt Alım Kayıt'!$D$5:$D$1500,$A9,'Yakıt Alım Kayıt'!$C$5:$C$1500,$E$4)) | E9: =IF($A9="","",COUNTIFS('Yakıt Alım Kayıt'!$D$5:$D$1500,$A9,'Yakıt Alım Kayıt'!$C$5:$C$1500,$E$4)) | F9: =IF(OR($A9="",$C9=0,$C9=""),"",$D9/$C9)
A10: =IF('Araç Tanımlama'!A8="","",IF('Araç Tanımlama'!D8=$B$4,'Araç Tanımlama'!A8,"")) | B10: =IF($A10="","",'Araç Tanımlama'!E8) | C10: =IF($A10="","",SUMIFS('Yakıt Alım Kayıt'!$G$5:$G$1500,'Yakıt Alım Kayıt'!$D$5:$D$1500,$A10,'Yakıt Alım Kayıt'!$C$5:$C$1500,$E$4)) | D10: =IF($A10="","",SUMIFS('Yakıt Alım Kayıt'!$I$5:$I$1500,'Yakıt Alım Kayıt'!$D$5:$D$1500,$A10,'Yakıt Alım Kayıt'!$C$5:$C$1500,$E$4)) | E10: =IF($A10="","",COUNTIFS('Yakıt Alım Kayıt'!$D$5:$D$1500,$A10,'Yakıt Alım Kayıt'!$C$5:$C$1500,$E$4)) | F10: =IF(OR($A10="",$C10=0,$C10=""),"",$D10/$C10)
A11: =IF('Araç Tanımlama'!A9="","",IF('Araç Tanımlama'!D9=$B$4,'Araç Tanımlama'!A9,"")) | B11: =IF($A11="","",'Araç Tanımlama'!E9) | C11: =IF($A11="","",SUMIFS('Yakıt Alım Kayıt'!$G$5:$G$1500,'Yakıt Alım Kayıt'!$D$5:$D$1500,$A11,'Yakıt Alım Kayıt'!$C$5:$C$1500,$E$4)) | D11: =IF($A11="","",SUMIFS('Yakıt Alım Kayıt'!$I$5:$I$1500,'Yakıt Alım Kayıt'!$D$5:$D$1500,$A11,'Yakıt Alım Kayıt'!$C$5:$C$1500,$E$4)) | E11: =IF($A11="","",COUNTIFS('Yakıt Alım Kayıt'!$D$5:$D$1500,$A11,'Yakıt Alım Kayıt'!$C$5:$C$1500,$E$4)) | F11: =IF(OR($A11="",$C11=0,$C11=""),"",$D11/$C11)
A12: =IF('Araç Tanımlama'!A10="","",IF('Araç Tanımlama'!D10=$B$4,'Araç Tanımlama'!A10,"")) | B12: =IF($A12="","",'Araç Tanımlama'!E10) | C12: =IF($A12="","",SUMIFS('Yakıt Alım Kayıt'!$G$5:$G$1500,'Yakıt Alım Kayıt'!$D$5:$D$1500,$A12,'Yakıt Alım Kayıt'!$C$5:$C$1500,$E$4)) | D12: =IF($A12="","",SUMIFS('Yakıt Alım Kayıt'!$I$5:$I$1500,'Yakıt Alım Kayıt'!$D$5:$D$1500,$A12,'Yakıt Alım Kayıt'!$C$5:$C$1500,$E$4)) | E12: =IF($A12="","",COUNTIFS('Yakıt Alım Kayıt'!$D$5:$D$1500,$A12,'Yakıt Alım Kayıt'!$C$5:$C$1500,$E$4)) | F12: =IF(OR($A12="",$C12=0,$C12=""),"",$D12/$C12)
A13: =IF('Araç Tanımlama'!A11="","",IF('Araç Tanımlama'!D11=$B$4,'Araç Tanımlama'!A11,"")) | B13: =IF($A13="","",'Araç Tanımlama'!E11) | C13: =IF($A13="","",SUMIFS('Yakıt Alım Kayıt'!$G$5:$G$1500,'Yakıt Alım Kayıt'!$D$5:$D$1500,$A13,'Yakıt Alım Kayıt'!$C$5:$C$1500,$E$4)) | D13: =IF($A13="","",SUMIFS('Yakıt Alım Kayıt'!$I$5:$I$1500,'Yakıt Alım Kayıt'!$D$5:$D$1500,$A13,'Yakıt Alım Kayıt'!$C$5:$C$1500,$E$4)) | E13: =IF($A13="","",COUNTIFS('Yakıt Alım Kayıt'!$D$5:$D$1500,$A13,'Yakıt Alım Kayıt'!$C$5:$C$1500,$E$4)) | F13: =IF(OR($A13="",$C13=0,$C13=""),"",$D13/$C13)
A14: =IF('Araç Tanımlama'!A12="","",IF('Araç Tanımlama'!D12=$B$4,'Araç Tanımlama'!A12,"")) | B14: =IF($A14="","",'Araç Tanımlama'!E12) | C14: =IF($A14="","",SUMIFS('Yakıt Alım Kayıt'!$G$5:$G$1500,'Yakıt Alım Kayıt'!$D$5:$D$1500,$A14,'Yakıt Alım Kayıt'!$C$5:$C$1500,$E$4)) | D14: =IF($A14="","",SUMIFS('Yakıt Alım Kayıt'!$I$5:$I$1500,'Yakıt Alım Kayıt'!$D$5:$D$1500,$A14,'Yakıt Alım Kayıt'!$C$5:$C$1500,$E$4)) | E14: =IF($A14="","",COUNTIFS('Yakıt Alım Kayıt'!$D$5:$D$1500,$A14,'Yakıt Alım Kayıt'!$C$5:$C$1500,$E$4)) | F14: =IF(OR($A14="",$C14=0,$C14=""),"",$D14/$C14)
A15: =IF('Araç Tanımlama'!A13="","",IF('Araç Tanımlama'!D13=$B$4,'Araç Tanımlama'!A13,"")) | B15: =IF($A15="","",'Araç Tanımlama'!E13) | C15: =IF($A15="","",SUMIFS('Yakıt Alım Kayıt'!$G$5:$G$1500,'Yakıt Alım Kayıt'!$D$5:$D$1500,$A15,'Yakıt Alım Kayıt'!$C$5:$C$1500,$E$4)) | D15: =IF($A15="","",SUMIFS('Yakıt Alım Kayıt'!$I$5:$I$1500,'Yakıt Alım Kayıt'!$D$5:$D$1500,$A15,'Yakıt Alım Kayıt'!$C$5:$C$1500,$E$4)) | E15: =IF($A15="","",COUNTIFS('Yakıt Alım Kayıt'!$D$5:$D$1500,$A15,'Yakıt Alım Kayıt'!$C$5:$C$1500,$E$4)) | F15: =IF(OR($A15="",$C15=0,$C15=""),"",$D15/$C15)
A16: =IF('Araç Tanımlama'!A14="","",IF('Araç Tanımlama'!D14=$B$4,'Araç Tanımlama'!A14,"")) | B16: =IF($A16="","",'Araç Tanımlama'!E14) | C16: =IF($A16="","",SUMIFS('Yakıt Alım Kayıt'!$G$5:$G$1500,'Yakıt Alım Kayıt'!$D$5:$D$1500,$A16,'Yakıt Alım Kayıt'!$C$5:$C$1500,$E$4)) | D16: =IF($A16="","",SUMIFS('Yakıt Alım Kayıt'!$I$5:$I$1500,'Yakıt Alım Kayıt'!$D$5:$D$1500,$A16,'Yakıt Alım Kayıt'!$C$5:$C$1500,$E$4)) | E16: =IF($A16="","",COUNTIFS('Yakıt Alım Kayıt'!$D$5:$D$1500,$A16,'Yakıt Alım Kayıt'!$C$5:$C$1500,$E$4)) | F16: =IF(OR($A16="",$C16=0,$C16=""),"",$D16/$C16)
A17: =IF('Araç Tanımlama'!A15="","",IF('Araç Tanımlama'!D15=$B$4,'Araç Tanımlama'!A15,"")) | B17: =IF($A17="","",'Araç Tanımlama'!E15) | C17: =IF($A17="","",SUMIFS('Yakıt Alım Kayıt'!$G$5:$G$1500,'Yakıt Alım Kayıt'!$D$5:$D$1500,$A17,'Yakıt Alım Kayıt'!$C$5:$C$1500,$E$4)) | D17: =IF($A17="","",SUMIFS('Yakıt Alım Kayıt'!$I$5:$I$1500,'Yakıt Alım Kayıt'!$D$5:$D$1500,$A17,'Yakıt Alım Kayıt'!$C$5:$C$1500,$E$4)) | E17: =IF($A17="","",COUNTIFS('Yakıt Alım Kayıt'!$D$5:$D$1500,$A17,'Yakıt Alım Kayıt'!$C$5:$C$1500,$E$4)) | F17: =IF(OR($A17="",$C17=0,$C17=""),"",$D17/$C17)
A18: =IF('Araç Tanımlama'!A16="","",IF('Araç Tanımlama'!D16=$B$4,'Araç Tanımlama'!A16,"")) | B18: =IF($A18="","",'Araç Tanımlama'!E16) | C18: =IF($A18="","",SUMIFS('Yakıt Alım Kayıt'!$G$5:$G$1500,'Yakıt Alım Kayıt'!$D$5:$D$1500,$A18,'Yakıt Alım Kayıt'!$C$5:$C$1500,$E$4)) | D18: =IF($A18="","",SUMIFS('Yakıt Alım Kayıt'!$I$5:$I$1500,'Yakıt Alım Kayıt'!$D$5:$D$1500,$A18,'Yakıt Alım Kayıt'!$C$5:$C$1500,$E$4)) | E18: =IF($A18="","",COUNTIFS('Yakıt Alım Kayıt'!$D$5:$D$1500,$A18,'Yakıt Alım Kayıt'!$C$5:$C$1500,$E$4)) | F18: =IF(OR($A18="",$C18=0,$C18=""),"",$D18/$C18)
... A202: =IF('Araç Tanımlama'!A200="","",IF('Araç Tanımlama'!D200=$B$4,'Araç Tanımlama'!A200,"")) | B202: =IF($A202="","",'Araç Tanımlama'!E200) | C202: =IF($A202="","",SUMIFS('Yakıt Alım Kayıt'!$G$5:$G$1500,'Yakıt Alım Kayıt'!$D$5:$D$1500,$A202,'Yakıt Alım Kayıt'!$C$5:$C$1500,$E$4)) | D202: =IF($A202="","",SUMIFS('Yakıt Alım Kayıt'!$I$5:$I$1500,'Yakıt Alım Kayıt'!$D$5:$D$1500,$A202,'Yakıt Alım Kayıt'!$C$5:$C$1500,$E$4)) | E202: =IF($A202="","",COUNTIFS('Yakıt Alım Kayıt'!$D$5:$D$1500,$A202,'Yakıt Alım Kayıt'!$C$5:$C$1500,$E$4)) | F202: =IF(OR($A202="",$C202=0,$C202=""),"",$D202/$C202)
A203: TOPLAM | C203: =SUM(C7:C202) -> 0 | D203: =SUM(D7:D202) -> 0 | E203: =SUM(E7:E202) -> 0
A205: Not: Boş satırlar seçilen müdürlüğe ait araç bulunmadığını gösterir, göz ardı edilebilir.
A206: Kars Belediyesi Fen İşleri Müdürlüğü
A208: Hazırlayan | C208: Kontrol Eden | E208: Onaylayan

Sheet Parametreler
A1: PARAMETRELER (Açılır Liste Kaynakları)
A3: Müdürlükler | B3: Yakıt Türü | C3: Sayaç Tipi | D3: Araç Cinsi | E3: Ay
A4: Fen İşleri Müdürlüğü | B4: Motorin | C4: Kilometre (km) | D4: Binek Araç | E4: Ocak
A5: Su ve Kanalizasyon Müdürlüğü | B5: Kurşunsuz Benzin | C5: Çalışma Saati (saat) | D5: Kamyon | E5: Şubat
A6: İmar ve Şehircilik Müdürlüğü | B6: LPG | D6: Kamyonet | E6: Mart
A7: Temizlik İşleri Müdürlüğü | D7: Otobüs/Minibüs | E7: Nisan
A8: Park ve Bahçeler Müdürlüğü | D8: İş Makinesi | E8: Mayıs
A9: Zabıta Müdürlüğü | D9: Traktör | E9: Haziran
A10: Mali Hizmetler Müdürlüğü | D10: Süpürge Aracı | E10: Temmuz
A11: İnsan Kaynakları Müdürlüğü | D11: İtfaiye Aracı | E11: Ağustos
A12: Destek Hizmetleri Müdürlüğü | E12: Eylül
A13: Kültür ve Sosyal İşler Müdürlüğü | E13: Ekim
A14: Veteriner İşleri Müdürlüğü | E14: Kasım
A15: Yazı İşleri Müdürlüğü | E15: Aralık
A16: Ulaşım Hizmetleri Müdürlüğü
A17: Emlak ve İstimlak Müdürlüğü
