Workbook

Sheet Araç Envanteri
A1: ARAÇ VE İŞ MAKİNESİ ENVANTERİ
A2: ⚙️ Araçları bu sayfaya manuel girin — diğer sekmeler otomatik güncellenir | Son Güncelleme: 10.06.2026
A3: Sıra No | B3: Plaka / Seri No | C3: Araç / Makine Adı | D3: Marka | E3: Model | F3: Model Yılı | G3: Sayaç (KM / Saat) | H3: Muayene Tarihi | I3: Sigorta Bitiş | J3: Son Bakım Tarihi | K3: Sonraki Bakım Tarihi | L3: Bağlı Birim | M3: Durum | N3: Notlar
A4: =IF(B4<>"",ROW()-3,"")
A5: =IF(B5<>"",ROW()-3,"")
A6: =IF(B6<>"",ROW()-3,"")
A7: =IF(B7<>"",ROW()-3,"")
A8: =IF(B8<>"",ROW()-3,"")
A9: =IF(B9<>"",ROW()-3,"")
A10: =IF(B10<>"",ROW()-3,"")
A11: =IF(B11<>"",ROW()-3,"")
A12: =IF(B12<>"",ROW()-3,"")
A13: =IF(B13<>"",ROW()-3,"")
A14: =IF(B14<>"",ROW()-3,"")
A15: =IF(B15<>"",ROW()-3,"")
... A203: =IF(B203<>"",ROW()-3,"")

Sheet Bakım Takip
A1: BAKIM VE ONARIM TAKİP ÇİZELGESİ
A2: C sütununa plakayı girin → Araç adı ve birimi otomatik gelir
A3: No | B3: Bakım Tarihi | C3: Plaka / Seri No | D3: Araç / Makine Adı (Otomatik) | E3: Bakım Türü | F3: Yapılan İşlemler | G3: Kullanılan Malzeme | H3: Maliyet (TL) | I3: Yapan Firma / Personel | J3: Sonraki Bakım Tarihi | K3: Durum
A4: =IF(C4<>"",ROW()-3,"") | D4: =IF(C4<>"",IFERROR(VLOOKUP(C4,'Araç Envanteri'!$B$4:$C$203,2,0),"Bulunamadı"),"")
A5: =IF(C5<>"",ROW()-3,"") | D5: =IF(C5<>"",IFERROR(VLOOKUP(C5,'Araç Envanteri'!$B$4:$C$203,2,0),"Bulunamadı"),"")
A6: =IF(C6<>"",ROW()-3,"") | D6: =IF(C6<>"",IFERROR(VLOOKUP(C6,'Araç Envanteri'!$B$4:$C$203,2,0),"Bulunamadı"),"")
A7: =IF(C7<>"",ROW()-3,"") | D7: =IF(C7<>"",IFERROR(VLOOKUP(C7,'Araç Envanteri'!$B$4:$C$203,2,0),"Bulunamadı"),"")
A8: =IF(C8<>"",ROW()-3,"") | D8: =IF(C8<>"",IFERROR(VLOOKUP(C8,'Araç Envanteri'!$B$4:$C$203,2,0),"Bulunamadı"),"")
A9: =IF(C9<>"",ROW()-3,"") | D9: =IF(C9<>"",IFERROR(VLOOKUP(C9,'Araç Envanteri'!$B$4:$C$203,2,0),"Bulunamadı"),"")
A10: =IF(C10<>"",ROW()-3,"") | D10: =IF(C10<>"",IFERROR(VLOOKUP(C10,'Araç Envanteri'!$B$4:$C$203,2,0),"Bulunamadı"),"")
A11: =IF(C11<>"",ROW()-3,"") | D11: =IF(C11<>"",IFERROR(VLOOKUP(C11,'Araç Envanteri'!$B$4:$C$203,2,0),"Bulunamadı"),"")
A12: =IF(C12<>"",ROW()-3,"") | D12: =IF(C12<>"",IFERROR(VLOOKUP(C12,'Araç Envanteri'!$B$4:$C$203,2,0),"Bulunamadı"),"")
A13: =IF(C13<>"",ROW()-3,"") | D13: =IF(C13<>"",IFERROR(VLOOKUP(C13,'Araç Envanteri'!$B$4:$C$203,2,0),"Bulunamadı"),"")
A14: =IF(C14<>"",ROW()-3,"") | D14: =IF(C14<>"",IFERROR(VLOOKUP(C14,'Araç Envanteri'!$B$4:$C$203,2,0),"Bulunamadı"),"")
A15: =IF(C15<>"",ROW()-3,"") | D15: =IF(C15<>"",IFERROR(VLOOKUP(C15,'Araç Envanteri'!$B$4:$C$203,2,0),"Bulunamadı"),"")
... A203: =IF(C203<>"",ROW()-3,"") | D203: =IF(C203<>"",IFERROR(VLOOKUP(C203,'Araç Envanteri'!$B$4:$C$203,2,0),"Bulunamadı"),"")
A204: TOPLAM BAKIM MALİYETİ | H204: =IFERROR(SUM(H4:H203),0) -> 0

Sheet Yakıt Takip
A1: YAKIT TAKİP ÇİZELGESİ
A2: C sütununa plakayı girin → Araç adı otomatik gelir | Toplam Tutar = Miktar × Birim Fiyat (otomatik)
A3: No | B3: Tarih | C3: Plaka / Seri No | D3: Araç / Makine Adı (Otomatik) | E3: Yakıt Türü | F3: Miktar (Litre) | G3: Birim Fiyat (TL) | H3: Toplam Tutar (TL – Otomatik) | I3: Sayaç (KM/Saat) | J3: Sorumlu Personel
A4: =IF(C4<>"",ROW()-3,"") | D4: =IF(C4<>"",IFERROR(VLOOKUP(C4,'Araç Envanteri'!$B$4:$C$203,2,0),"Bulunamadı"),"") | H4: =IF(C4<>"",IFERROR(F4*G4,""),"")
A5: =IF(C5<>"",ROW()-3,"") | D5: =IF(C5<>"",IFERROR(VLOOKUP(C5,'Araç Envanteri'!$B$4:$C$203,2,0),"Bulunamadı"),"") | H5: =IF(C5<>"",IFERROR(F5*G5,""),"")
A6: =IF(C6<>"",ROW()-3,"") | D6: =IF(C6<>"",IFERROR(VLOOKUP(C6,'Araç Envanteri'!$B$4:$C$203,2,0),"Bulunamadı"),"") | H6: =IF(C6<>"",IFERROR(F6*G6,""),"")
A7: =IF(C7<>"",ROW()-3,"") | D7: =IF(C7<>"",IFERROR(VLOOKUP(C7,'Araç Envanteri'!$B$4:$C$203,2,0),"Bulunamadı"),"") | H7: =IF(C7<>"",IFERROR(F7*G7,""),"")
A8: =IF(C8<>"",ROW()-3,"") | D8: =IF(C8<>"",IFERROR(VLOOKUP(C8,'Araç Envanteri'!$B$4:$C$203,2,0),"Bulunamadı"),"") | H8: =IF(C8<>"",IFERROR(F8*G8,""),"")
A9: =IF(C9<>"",ROW()-3,"") | D9: =IF(C9<>"",IFERROR(VLOOKUP(C9,'Araç Envanteri'!$B$4:$C$203,2,0),"Bulunamadı"),"") | H9: =IF(C9<>"",IFERROR(F9*G9,""),"")
A10: =IF(C10<>"",ROW()-3,"") | D10: =IF(C10<>"",IFERROR(VLOOKUP(C10,'Araç Envanteri'!$B$4:$C$203,2,0),"Bulunamadı"),"") | H10: =IF(C10<>"",IFERROR(F10*G10,""),"")
A11: =IF(C11<>"",ROW()-3,"") | D11: =IF(C11<>"",IFERROR(VLOOKUP(C11,'Araç Envanteri'!$B$4:$C$203,2,0),"Bulunamadı"),"") | H11: =IF(C11<>"",IFERROR(F11*G11,""),"")
A12: =IF(C12<>"",ROW()-3,"") | D12: =IF(C12<>"",IFERROR(VLOOKUP(C12,'Araç Envanteri'!$B$4:$C$203,2,0),"Bulunamadı"),"") | H12: =IF(C12<>"",IFERROR(F12*G12,""),"")
A13: =IF(C13<>"",ROW()-3,"") | D13: =IF(C13<>"",IFERROR(VLOOKUP(C13,'Araç Envanteri'!$B$4:$C$203,2,0),"Bulunamadı"),"") | H13: =IF(C13<>"",IFERROR(F13*G13,""),"")
A14: =IF(C14<>"",ROW()-3,"") | D14: =IF(C14<>"",IFERROR(VLOOKUP(C14,'Araç Envanteri'!$B$4:$C$203,2,0),"Bulunamadı"),"") | H14: =IF(C14<>"",IFERROR(F14*G14,""),"")
A15: =IF(C15<>"",ROW()-3,"") | D15: =IF(C15<>"",IFERROR(VLOOKUP(C15,'Araç Envanteri'!$B$4:$C$203,2,0),"Bulunamadı"),"") | H15: =IF(C15<>"",IFERROR(F15*G15,""),"")
... A203: =IF(C203<>"",ROW()-3,"") | D203: =IF(C203<>"",IFERROR(VLOOKUP(C203,'Araç Envanteri'!$B$4:$C$203,2,0),"Bulunamadı"),"") | H203: =IF(C203<>"",IFERROR(F203*G203,""),"")
A204: TOPLAM YAKIT GİDERİ | F204: =IFERROR(SUM(F4:F203),0) -> 0 | H204: =IFERROR(SUM(H4:H203),0) -> 0

Sheet Özet Panel
A1: YÖNETİM ÖZET PANELİ
A2: ★ Tüm veriler Araç Envanteri, Bakım Takip ve Yakıt Takip sekmelerinden otomatik çekilmektedir
A4: 🚛 TOPLAM ARAÇ / MAKİNE | C4: ✅ AKTİF | E4: 🔧 BAKIMDA | G4: ⚠️ ARIZALI
A5: =COUNTIF('Araç Envanteri'!B4:B203,"<>") -> 0 | C5: =COUNTIF('Araç Envanteri'!M4:M203,"Aktif") -> 0 | E5: =COUNTIF('Araç Envanteri'!M4:M203,"Bakımda") -> 0 | G5: =COUNTIF('Araç Envanteri'!M4:M203,"Arızalı") -> 0
A6: Kayıtlı araç sayısı | C6: Çalışır durumda | E6: Bakım / onarımda | G6: Arıza mevcut
A8: 🔩 BAKIM KAYIT SAYISI | C8: 💰 TOPLAM BAKIM MALİYETİ | E8: ⛽ TOPLAM YAKIT (LT) | G8: 💵 TOPLAM YAKIT MALİYETİ
A9: =COUNTIF('Bakım Takip'!C4:C203,"<>") -> 0 | C9: =IFERROR(SUM('Bakım Takip'!H4:H203),0) -> 0 | E9: =IFERROR(SUM('Yakıt Takip'!F4:F203),0) -> 0 | G9: =IFERROR(SUM('Yakıt Takip'!H4:H203),0) -> 0
A10: Toplam bakım girişi | C10: Tüm bakım giderleri | E10: Toplam yakıt tüketimi | G10: Tüm yakıt giderleri
A12: ARAÇ DURUM DAĞILIMI | F12: YAKLAŞAN BAKIMLAR (Son Girilen 10)
A13: Aktif | D13: =COUNTIF('Araç Envanteri'!M4:M203,"Aktif") -> 0 | F13: Plaka | G13: Araç Adı | H13: Sonraki Bakım
A14: Bakımda | D14: =COUNTIF('Araç Envanteri'!M4:M203,"Bakımda") -> 0 | F14: =IFERROR(INDEX('Bakım Takip'!C$4:C$203,LARGE(IF('Bakım Takip'!C$4:C$203<>"",ROW('Bakım Takip'!C$4:C$203)-3),1)),"") -> 0 | G14: =IF(F14<>"",IFERROR(VLOOKUP(F14,'Araç Envanteri'!$B$4:$C$203,2,0),""),"") | H14: =IF(F14<>"",IFERROR(VLOOKUP(F14,'Bakım Takip'!$C$4:$J$203,8,0),""),"")
A15: Arızalı | D15: =COUNTIF('Araç Envanteri'!M4:M203,"Arızalı") -> 0 | F15: =IFERROR(INDEX('Bakım Takip'!C$4:C$203,LARGE(IF('Bakım Takip'!C$4:C$203<>"",ROW('Bakım Takip'!C$4:C$203)-3),2)),"") | G15: =IF(F15<>"",IFERROR(VLOOKUP(F15,'Araç Envanteri'!$B$4:$C$203,2,0),""),"") | H15: =IF(F15<>"",IFERROR(VLOOKUP(F15,'Bakım Takip'!$C$4:$J$203,8,0),""),"")
A16: Hurdaya Ayrıldı | D16: =COUNTIF('Araç Envanteri'!M4:M203,"Hurdaya Ayrıldı") -> 0 | F16: =IFERROR(INDEX('Bakım Takip'!C$4:C$203,LARGE(IF('Bakım Takip'!C$4:C$203<>"",ROW('Bakım Takip'!C$4:C$203)-3),3)),"") | G16: =IF(F16<>"",IFERROR(VLOOKUP(F16,'Araç Envanteri'!$B$4:$C$203,2,0),""),"") | H16: =IF(F16<>"",IFERROR(VLOOKUP(F16,'Bakım Takip'!$C$4:$J$203,8,0),""),"")
A17: TOPLAM | D17: =COUNTIF('Araç Envanteri'!B4:B203,"<>") -> 0 | F17: =IFERROR(INDEX('Bakım Takip'!C$4:C$203,LARGE(IF('Bakım Takip'!C$4:C$203<>"",ROW('Bakım Takip'!C$4:C$203)-3),4)),"") | G17: =IF(F17<>"",IFERROR(VLOOKUP(F17,'Araç Envanteri'!$B$4:$C$203,2,0),""),"") | H17: =IF(F17<>"",IFERROR(VLOOKUP(F17,'Bakım Takip'!$C$4:$J$203,8,0),""),"")
F18: =IFERROR(INDEX('Bakım Takip'!C$4:C$203,LARGE(IF('Bakım Takip'!C$4:C$203<>"",ROW('Bakım Takip'!C$4:C$203)-3),5)),"") | G18: =IF(F18<>"",IFERROR(VLOOKUP(F18,'Araç Envanteri'!$B$4:$C$203,2,0),""),"") | H18: =IF(F18<>"",IFERROR(VLOOKUP(F18,'Bakım Takip'!$C$4:$J$203,8,0),""),"")
F19: =IFERROR(INDEX('Bakım Takip'!C$4:C$203,LARGE(IF('Bakım Takip'!C$4:C$203<>"",ROW('Bakım Takip'!C$4:C$203)-3),6)),"") | G19: =IF(F19<>"",IFERROR(VLOOKUP(F19,'Araç Envanteri'!$B$4:$C$203,2,0),""),"") | H19: =IF(F19<>"",IFERROR(VLOOKUP(F19,'Bakım Takip'!$C$4:$J$203,8,0),""),"")
F20: =IFERROR(INDEX('Bakım Takip'!C$4:C$203,LARGE(IF('Bakım Takip'!C$4:C$203<>"",ROW('Bakım Takip'!C$4:C$203)-3),7)),"") | G20: =IF(F20<>"",IFERROR(VLOOKUP(F20,'Araç Envanteri'!$B$4:$C$203,2,0),""),"") | H20: =IF(F20<>"",IFERROR(VLOOKUP(F20,'Bakım Takip'!$C$4:$J$203,8,0),""),"")
F21: =IFERROR(INDEX('Bakım Takip'!C$4:C$203,LARGE(IF('Bakım Takip'!C$4:C$203<>"",ROW('Bakım Takip'!C$4:C$203)-3),8)),"") | G21: =IF(F21<>"",IFERROR(VLOOKUP(F21,'Araç Envanteri'!$B$4:$C$203,2,0),""),"") | H21: =IF(F21<>"",IFERROR(VLOOKUP(F21,'Bakım Takip'!$C$4:$J$203,8,0),""),"")
F22: =IFERROR(INDEX('Bakım Takip'!C$4:C$203,LARGE(IF('Bakım Takip'!C$4:C$203<>"",ROW('Bakım Takip'!C$4:C$203)-3),9)),"") | G22: =IF(F22<>"",IFERROR(VLOOKUP(F22,'Araç Envanteri'!$B$4:$C$203,2,0),""),"") | H22: =IF(F22<>"",IFERROR(VLOOKUP(F22,'Bakım Takip'!$C$4:$J$203,8,0),""),"")
F23: =IFERROR(INDEX('Bakım Takip'!C$4:C$203,LARGE(IF('Bakım Takip'!C$4:C$203<>"",ROW('Bakım Takip'!C$4:C$203)-3),10)),"") | G23: =IF(F23<>"",IFERROR(VLOOKUP(F23,'Araç Envanteri'!$B$4:$C$203,2,0),""),"") | H23: =IF(F23<>"",IFERROR(VLOOKUP(F23,'Bakım Takip'!$C$4:$J$203,8,0),""),"")
A26: GENEL TOPLAM MALİYET (Bakım + Yakıt) | F26: =IFERROR(SUM('Bakım Takip'!H4:H203)+SUM('Yakıt Takip'!H4:H203),0) -> 0
