Workbook
Name BetonSiniflari: 'Receteler'!$A$5:$A$24
Name StandartSiniflar: 'Receteler'!$O$5:$O$23

Sheet Ana Panel
A1: KARS BELEDIYESI
A2: BETON SANTRALI - RECETE, URETIM VE STOK YONETIM PANELI
A3: =CONCATENATE("Guncelleme Tarihi: ",TEXT(TODAY(),"dd.mm.yyyy")) -> Guncelleme Tarihi: 00.mm.2026
B5: =COUNTA(Receteler[Beton Sinifi]) -> 5 | D5: =SUMPRODUCT((MONTH(UretimKayitlari[Tarih])=MONTH(TODAY()))*(YEAR(UretimKayitlari[Tarih])=YEAR(TODAY()))*UretimKayitlari[Hedef Uretim (m3)]) -> 0 | F5: =COUNT(UretimKayitlari[Hedef Uretim (m3)]) -> 0
B8: TANIMLI RECETE SAYISI | D8: BU AY URETIM (m3) | F8: TOPLAM PARTI SAYISI
B10: =COUNTIF(MalzemeStok[Durum],"KRITIK") -> 7 | D10: =SUM(UretimKayitlari[Hedef Uretim (m3)]) -> 0
B13: KRITIK SEVIYEDE MALZEME | D13: TOPLAM URETIM (m3, tum kayitlar)
B16: MALZEME STOK OZETI
B17: Malzeme | C17: Birim | D17: Guncel Stok | E17: Kritik Seviye | F17: Durum
B18: ='Malzeme Stok'!A5 -> Cimento | C18: ='Malzeme Stok'!B5 -> kg | D18: ='Malzeme Stok'!F5 -> 0 | E18: ='Malzeme Stok'!G5 -> 0 | F18: ='Malzeme Stok'!H5 -> KRITIK
B19: ='Malzeme Stok'!A6 -> Kum | C19: ='Malzeme Stok'!B6 -> kg | D19: ='Malzeme Stok'!F6 -> 0 | E19: ='Malzeme Stok'!G6 -> 0 | F19: ='Malzeme Stok'!H6 -> KRITIK
B20: ='Malzeme Stok'!A7 -> Micir 0-5mm | C20: ='Malzeme Stok'!B7 -> kg | D20: ='Malzeme Stok'!F7 -> 0 | E20: ='Malzeme Stok'!G7 -> 0 | F20: ='Malzeme Stok'!H7 -> KRITIK
B21: ='Malzeme Stok'!A8 -> Micir 5-12mm | C21: ='Malzeme Stok'!B8 -> kg | D21: ='Malzeme Stok'!F8 -> 0 | E21: ='Malzeme Stok'!G8 -> 0 | F21: ='Malzeme Stok'!H8 -> KRITIK
B22: ='Malzeme Stok'!A9 -> Micir 12-19mm | C22: ='Malzeme Stok'!B9 -> kg | D22: ='Malzeme Stok'!F9 -> 0 | E22: ='Malzeme Stok'!G9 -> 0 | F22: ='Malzeme Stok'!H9 -> KRITIK
B23: ='Malzeme Stok'!A10 -> Su | C23: ='Malzeme Stok'!B10 -> lt | D23: ='Malzeme Stok'!F10 -> 0 | E23: ='Malzeme Stok'!G10 -> 0 | F23: ='Malzeme Stok'!H10 -> KRITIK
B24: ='Malzeme Stok'!A11 -> Katki | C24: ='Malzeme Stok'!B11 -> kg | D24: ='Malzeme Stok'!F11 -> 0 | E24: ='Malzeme Stok'!G11 -> 0 | F24: ='Malzeme Stok'!H11 -> KRITIK

Sheet Receteler
A1: BETON RECETELERI (1 m3 ICIN)
A2: Kars Belediyesi Beton Santrali
A4: Beton Sinifi | B4: Cimento (kg) | C4: Kum (kg) | D4: Micir 0-5mm (kg) | E4: Micir 5-12mm (kg) | F4: Micir 12-19mm (kg) | G4: Su (lt) | H4: Katki (kg) | I4: Su/Cimento Orani | J4: Toplam Agrega (kg) | K4: Toplam Karisim - 1 m3 (kg) | L4: Yogunluk Kontrolu | M4: Aciklama | O4: Standart Siniflar
A5: C20 | B5: 300 | C5: 670 | D5: 190 | E5: 480 | F5: 575 | G5: 180 | H5: 3 | I5: =IFERROR(G5/B5,0) -> 0.6 | J5: =SUM(C5:F5) -> 1915 | K5: =B5+C5+D5+E5+F5+G5+H5 -> 2398 | L5: =IF(B5="","",IF(AND(K5>=2300,K5<=2500),"NORMAL (1 m3)","KONTROL ET")) -> NORMAL (1 m3) | M5: Standart tasiyici beton | O5: C16
A6: C25 | B6: 340 | C6: 660 | D6: 190 | E6: 470 | F6: 565 | G6: 175 | H6: 3.5 | I6: =IFERROR(G6/B6,0) -> 0.51470588 | J6: =SUM(C6:F6) -> 1885 | K6: =B6+C6+D6+E6+F6+G6+H6 -> 2403.5 | L6: =IF(B6="","",IF(AND(K6>=2300,K6<=2500),"NORMAL (1 m3)","KONTROL ET")) -> NORMAL (1 m3) | M6: Standart tasiyici beton | O6: C20
A7: C30 | B7: 380 | C7: 645 | D7: 185 | E7: 460 | F7: 555 | G7: 170 | H7: 4 | I7: =IFERROR(G7/B7,0) -> 0.44736842 | J7: =SUM(C7:F7) -> 1845 | K7: =B7+C7+D7+E7+F7+G7+H7 -> 2399 | L7: =IF(B7="","",IF(AND(K7>=2300,K7<=2500),"NORMAL (1 m3)","KONTROL ET")) -> NORMAL (1 m3) | M7: Yuksek dayanim | O7: C25
A8: C35 | B8: 420 | C8: 630 | D8: 180 | E8: 450 | F8: 545 | G8: 165 | H8: 5 | I8: =IFERROR(G8/B8,0) -> 0.39285714 | J8: =SUM(C8:F8) -> 1805 | K8: =B8+C8+D8+E8+F8+G8+H8 -> 2395 | L8: =IF(B8="","",IF(AND(K8>=2300,K8<=2500),"NORMAL (1 m3)","KONTROL ET")) -> NORMAL (1 m3) | M8: Yuksek dayanim / ozel imalat | O8: C30
A9: Grobeton | B9: 150 | C9: 700 | D9: 200 | E9: 500 | F9: 600 | G9: 190 | H9: 0 | I9: =IFERROR(G9/B9,0) -> 1.2666667 | J9: =SUM(C9:F9) -> 2000 | K9: =B9+C9+D9+E9+F9+G9+H9 -> 2340 | L9: =IF(B9="","",IF(AND(K9>=2300,K9<=2500),"NORMAL (1 m3)","KONTROL ET")) -> NORMAL (1 m3) | M9: Tesviye / dolgu betonu (C8/10) | O9: C35
I10: =IFERROR(G10/B10,0) -> 0 | J10: =SUM(C10:F10) -> 0 | K10: =IF(B10="","",B10+C10+D10+E10+F10+G10+H10) | L10: =IF(B10="","",IF(AND(K10>=2300,K10<=2500),"NORMAL (1 m3)","KONTROL ET")) | O10: C40
I11: =IFERROR(G11/B11,0) -> 0 | J11: =SUM(C11:F11) -> 0 | K11: =IF(B11="","",B11+C11+D11+E11+F11+G11+H11) | L11: =IF(B11="","",IF(AND(K11>=2300,K11<=2500),"NORMAL (1 m3)","KONTROL ET")) | O11: C45
I12: =IFERROR(G12/B12,0) -> 0 | J12: =SUM(C12:F12) -> 0 | K12: =IF(B12="","",B12+C12+D12+E12+F12+G12+H12) | L12: =IF(B12="","",IF(AND(K12>=2300,K12<=2500),"NORMAL (1 m3)","KONTROL ET")) | O12: C50
I13: =IFERROR(G13/B13,0) -> 0 | J13: =SUM(C13:F13) -> 0 | K13: =IF(B13="","",B13+C13+D13+E13+F13+G13+H13) | L13: =IF(B13="","",IF(AND(K13>=2300,K13<=2500),"NORMAL (1 m3)","KONTROL ET")) | O13: Grobeton
I14: =IFERROR(G14/B14,0) -> 0 | J14: =SUM(C14:F14) -> 0 | K14: =IF(B14="","",B14+C14+D14+E14+F14+G14+H14) | L14: =IF(B14="","",IF(AND(K14>=2300,K14<=2500),"NORMAL (1 m3)","KONTROL ET"))
I15: =IFERROR(G15/B15,0) -> 0 | J15: =SUM(C15:F15) -> 0 | K15: =IF(B15="","",B15+C15+D15+E15+F15+G15+H15) | L15: =IF(B15="","",IF(AND(K15>=2300,K15<=2500),"NORMAL (1 m3)","KONTROL ET"))
I16: =IFERROR(G16/B16,0) -> 0 | J16: =SUM(C16:F16) -> 0 | K16: =IF(B16="","",B16+C16+D16+E16+F16+G16+H16) | L16: =IF(B16="","",IF(AND(K16>=2300,K16<=2500),"NORMAL (1 m3)","KONTROL ET"))
I17: =IFERROR(G17/B17,0) -> 0 | J17: =SUM(C17:F17) -> 0 | K17: =IF(B17="","",B17+C17+D17+E17+F17+G17+H17) | L17: =IF(B17="","",IF(AND(K17>=2300,K17<=2500),"NORMAL (1 m3)","KONTROL ET"))
I18: =IFERROR(G18/B18,0) -> 0 | J18: =SUM(C18:F18) -> 0 | K18: =IF(B18="","",B18+C18+D18+E18+F18+G18+H18) | L18: =IF(B18="","",IF(AND(K18>=2300,K18<=2500),"NORMAL (1 m3)","KONTROL ET"))
I19: =IFERROR(G19/B19,0) -> 0 | J19: =SUM(C19:F19) -> 0 | K19: =IF(B19="","",B19+C19+D19+E19+F19+G19+H19) | L19: =IF(B19="","",IF(AND(K19>=2300,K19<=2500),"NORMAL (1 m3)","KONTROL ET"))
I20: =IFERROR(G20/B20,0) -> 0 | J20: =SUM(C20:F20) -> 0 | K20: =IF(B20="","",B20+C20+D20+E20+F20+G20+H20) | L20: =IF(B20="","",IF(AND(K20>=2300,K20<=2500),"NORMAL (1 m3)","KONTROL ET"))
I21: =IFERROR(G21/B21,0) -> 0 | J21: =SUM(C21:F21) -> 0 | K21: =IF(B21="","",B21+C21+D21+E21+F21+G21+H21) | L21: =IF(B21="","",IF(AND(K21>=2300,K21<=2500),"NORMAL (1 m3)","KONTROL ET"))
I22: =IFERROR(G22/B22,0) -> 0 | J22: =SUM(C22:F22) -> 0 | K22: =IF(B22="","",B22+C22+D22+E22+F22+G22+H22) | L22: =IF(B22="","",IF(AND(K22>=2300,K22<=2500),"NORMAL (1 m3)","KONTROL ET"))
I23: =IFERROR(G23/B23,0) -> 0 | J23: =SUM(C23:F23) -> 0 | K23: =IF(B23="","",B23+C23+D23+E23+F23+G23+H23) | L23: =IF(B23="","",IF(AND(K23>=2300,K23<=2500),"NORMAL (1 m3)","KONTROL ET"))
I24: =IFERROR(G24/B24,0) -> 0 | J24: =SUM(C24:F24) -> 0 | K24: =IF(B24="","",B24+C24+D24+E24+F24+G24+H24) | L24: =IF(B24="","",IF(AND(K24>=2300,K24<=2500),"NORMAL (1 m3)","KONTROL ET"))
O25: Yeni sinif icin bu listeye ekleyin, sonra Beton Sinifi hucresine secin.
A26: NOT: Yukaridaki degerler 1 m3 beton icin baslangic/referans karisim degerleridir. Saha ve laboratuvar sonuclarina gore (agrega nem/granulometri, cimento tipi vb.) guncelleyiniz. Yogunluk Kontrolu sutunu, toplam karisimin normal beton yogunluk araligi olan 2300-2500 kg/m3 icinde olup olmadigini gosterir. Yeni beton sinifi eklemek icin once O sutunundaki Standart Siniflar listesine ekleyin, sonra bos bir satirda Beton Sinifi hucresinden secip degerleri girin.

Sheet Uretim Hesaplama
A1: URETIM HESAPLAMA VE PARTI KAYITLARI
A2: Hedef m3 giriniz - malzeme miktarlari recetelere gore otomatik hesaplanir
A4: Tarih | B4: Beton Sinifi | C4: Hedef Uretim (m3) | D4: Cimento (kg) | E4: Kum (kg) | F4: Micir 0-5mm (kg) | G4: Micir 5-12mm (kg) | H4: Micir 12-19mm (kg) | I4: Su (lt) | J4: Katki (kg) | K4: Notlar
D5: =IFERROR(IF($B5="","",$C5*INDEX(Receteler[Cimento (kg)],MATCH($B5,Receteler[Beton Sinifi],0))),"") | E5: =IFERROR(IF($B5="","",$C5*INDEX(Receteler[Kum (kg)],MATCH($B5,Receteler[Beton Sinifi],0))),"") | F5: =IFERROR(IF($B5="","",$C5*INDEX(Receteler[Micir 0-5mm (kg)],MATCH($B5,Receteler[Beton Sinifi],0))),"") | G5: =IFERROR(IF($B5="","",$C5*INDEX(Receteler[Micir 5-12mm (kg)],MATCH($B5,Receteler[Beton Sinifi],0))),"") | H5: =IFERROR(IF($B5="","",$C5*INDEX(Receteler[Micir 12-19mm (kg)],MATCH($B5,Receteler[Beton Sinifi],0))),"") | I5: =IFERROR(IF($B5="","",$C5*INDEX(Receteler[Su (lt)],MATCH($B5,Receteler[Beton Sinifi],0))),"") | J5: =IFERROR(IF($B5="","",$C5*INDEX(Receteler[Katki (kg)],MATCH($B5,Receteler[Beton Sinifi],0))),"")
D6: =IFERROR(IF($B6="","",$C6*INDEX(Receteler[Cimento (kg)],MATCH($B6,Receteler[Beton Sinifi],0))),"") | E6: =IFERROR(IF($B6="","",$C6*INDEX(Receteler[Kum (kg)],MATCH($B6,Receteler[Beton Sinifi],0))),"") | F6: =IFERROR(IF($B6="","",$C6*INDEX(Receteler[Micir 0-5mm (kg)],MATCH($B6,Receteler[Beton Sinifi],0))),"") | G6: =IFERROR(IF($B6="","",$C6*INDEX(Receteler[Micir 5-12mm (kg)],MATCH($B6,Receteler[Beton Sinifi],0))),"") | H6: =IFERROR(IF($B6="","",$C6*INDEX(Receteler[Micir 12-19mm (kg)],MATCH($B6,Receteler[Beton Sinifi],0))),"") | I6: =IFERROR(IF($B6="","",$C6*INDEX(Receteler[Su (lt)],MATCH($B6,Receteler[Beton Sinifi],0))),"") | J6: =IFERROR(IF($B6="","",$C6*INDEX(Receteler[Katki (kg)],MATCH($B6,Receteler[Beton Sinifi],0))),"")
D7: =IFERROR(IF($B7="","",$C7*INDEX(Receteler[Cimento (kg)],MATCH($B7,Receteler[Beton Sinifi],0))),"") | E7: =IFERROR(IF($B7="","",$C7*INDEX(Receteler[Kum (kg)],MATCH($B7,Receteler[Beton Sinifi],0))),"") | F7: =IFERROR(IF($B7="","",$C7*INDEX(Receteler[Micir 0-5mm (kg)],MATCH($B7,Receteler[Beton Sinifi],0))),"") | G7: =IFERROR(IF($B7="","",$C7*INDEX(Receteler[Micir 5-12mm (kg)],MATCH($B7,Receteler[Beton Sinifi],0))),"") | H7: =IFERROR(IF($B7="","",$C7*INDEX(Receteler[Micir 12-19mm (kg)],MATCH($B7,Receteler[Beton Sinifi],0))),"") | I7: =IFERROR(IF($B7="","",$C7*INDEX(Receteler[Su (lt)],MATCH($B7,Receteler[Beton Sinifi],0))),"") | J7: =IFERROR(IF($B7="","",$C7*INDEX(Receteler[Katki (kg)],MATCH($B7,Receteler[Beton Sinifi],0))),"")
D8: =IFERROR(IF($B8="","",$C8*INDEX(Receteler[Cimento (kg)],MATCH($B8,Receteler[Beton Sinifi],0))),"") | E8: =IFERROR(IF($B8="","",$C8*INDEX(Receteler[Kum (kg)],MATCH($B8,Receteler[Beton Sinifi],0))),"") | F8: =IFERROR(IF($B8="","",$C8*INDEX(Receteler[Micir 0-5mm (kg)],MATCH($B8,Receteler[Beton Sinifi],0))),"") | G8: =IFERROR(IF($B8="","",$C8*INDEX(Receteler[Micir 5-12mm (kg)],MATCH($B8,Receteler[Beton Sinifi],0))),"") | H8: =IFERROR(IF($B8="","",$C8*INDEX(Receteler[Micir 12-19mm (kg)],MATCH($B8,Receteler[Beton Sinifi],0))),"") | I8: =IFERROR(IF($B8="","",$C8*INDEX(Receteler[Su (lt)],MATCH($B8,Receteler[Beton Sinifi],0))),"") | J8: =IFERROR(IF($B8="","",$C8*INDEX(Receteler[Katki (kg)],MATCH($B8,Receteler[Beton Sinifi],0))),"")
D9: =IFERROR(IF($B9="","",$C9*INDEX(Receteler[Cimento (kg)],MATCH($B9,Receteler[Beton Sinifi],0))),"") | E9: =IFERROR(IF($B9="","",$C9*INDEX(Receteler[Kum (kg)],MATCH($B9,Receteler[Beton Sinifi],0))),"") | F9: =IFERROR(IF($B9="","",$C9*INDEX(Receteler[Micir 0-5mm (kg)],MATCH($B9,Receteler[Beton Sinifi],0))),"") | G9: =IFERROR(IF($B9="","",$C9*INDEX(Receteler[Micir 5-12mm (kg)],MATCH($B9,Receteler[Beton Sinifi],0))),"") | H9: =IFERROR(IF($B9="","",$C9*INDEX(Receteler[Micir 12-19mm (kg)],MATCH($B9,Receteler[Beton Sinifi],0))),"") | I9: =IFERROR(IF($B9="","",$C9*INDEX(Receteler[Su (lt)],MATCH($B9,Receteler[Beton Sinifi],0))),"") | J9: =IFERROR(IF($B9="","",$C9*INDEX(Receteler[Katki (kg)],MATCH($B9,Receteler[Beton Sinifi],0))),"")
D10: =IFERROR(IF($B10="","",$C10*INDEX(Receteler[Cimento (kg)],MATCH($B10,Receteler[Beton Sinifi],0))),"") | E10: =IFERROR(IF($B10="","",$C10*INDEX(Receteler[Kum (kg)],MATCH($B10,Receteler[Beton Sinifi],0))),"") | F10: =IFERROR(IF($B10="","",$C10*INDEX(Receteler[Micir 0-5mm (kg)],MATCH($B10,Receteler[Beton Sinifi],0))),"") | G10: =IFERROR(IF($B10="","",$C10*INDEX(Receteler[Micir 5-12mm (kg)],MATCH($B10,Receteler[Beton Sinifi],0))),"") | H10: =IFERROR(IF($B10="","",$C10*INDEX(Receteler[Micir 12-19mm (kg)],MATCH($B10,Receteler[Beton Sinifi],0))),"") | I10: =IFERROR(IF($B10="","",$C10*INDEX(Receteler[Su (lt)],MATCH($B10,Receteler[Beton Sinifi],0))),"") | J10: =IFERROR(IF($B10="","",$C10*INDEX(Receteler[Katki (kg)],MATCH($B10,Receteler[Beton Sinifi],0))),"")
D11: =IFERROR(IF($B11="","",$C11*INDEX(Receteler[Cimento (kg)],MATCH($B11,Receteler[Beton Sinifi],0))),"") | E11: =IFERROR(IF($B11="","",$C11*INDEX(Receteler[Kum (kg)],MATCH($B11,Receteler[Beton Sinifi],0))),"") | F11: =IFERROR(IF($B11="","",$C11*INDEX(Receteler[Micir 0-5mm (kg)],MATCH($B11,Receteler[Beton Sinifi],0))),"") | G11: =IFERROR(IF($B11="","",$C11*INDEX(Receteler[Micir 5-12mm (kg)],MATCH($B11,Receteler[Beton Sinifi],0))),"") | H11: =IFERROR(IF($B11="","",$C11*INDEX(Receteler[Micir 12-19mm (kg)],MATCH($B11,Receteler[Beton Sinifi],0))),"") | I11: =IFERROR(IF($B11="","",$C11*INDEX(Receteler[Su (lt)],MATCH($B11,Receteler[Beton Sinifi],0))),"") | J11: =IFERROR(IF($B11="","",$C11*INDEX(Receteler[Katki (kg)],MATCH($B11,Receteler[Beton Sinifi],0))),"")
D12: =IFERROR(IF($B12="","",$C12*INDEX(Receteler[Cimento (kg)],MATCH($B12,Receteler[Beton Sinifi],0))),"") | E12: =IFERROR(IF($B12="","",$C12*INDEX(Receteler[Kum (kg)],MATCH($B12,Receteler[Beton Sinifi],0))),"") | F12: =IFERROR(IF($B12="","",$C12*INDEX(Receteler[Micir 0-5mm (kg)],MATCH($B12,Receteler[Beton Sinifi],0))),"") | G12: =IFERROR(IF($B12="","",$C12*INDEX(Receteler[Micir 5-12mm (kg)],MATCH($B12,Receteler[Beton Sinifi],0))),"") | H12: =IFERROR(IF($B12="","",$C12*INDEX(Receteler[Micir 12-19mm (kg)],MATCH($B12,Receteler[Beton Sinifi],0))),"") | I12: =IFERROR(IF($B12="","",$C12*INDEX(Receteler[Su (lt)],MATCH($B12,Receteler[Beton Sinifi],0))),"") | J12: =IFERROR(IF($B12="","",$C12*INDEX(Receteler[Katki (kg)],MATCH($B12,Receteler[Beton Sinifi],0))),"")
D13: =IFERROR(IF($B13="","",$C13*INDEX(Receteler[Cimento (kg)],MATCH($B13,Receteler[Beton Sinifi],0))),"") | E13: =IFERROR(IF($B13="","",$C13*INDEX(Receteler[Kum (kg)],MATCH($B13,Receteler[Beton Sinifi],0))),"") | F13: =IFERROR(IF($B13="","",$C13*INDEX(Receteler[Micir 0-5mm (kg)],MATCH($B13,Receteler[Beton Sinifi],0))),"") | G13: =IFERROR(IF($B13="","",$C13*INDEX(Receteler[Micir 5-12mm (kg)],MATCH($B13,Receteler[Beton Sinifi],0))),"") | H13: =IFERROR(IF($B13="","",$C13*INDEX(Receteler[Micir 12-19mm (kg)],MATCH($B13,Receteler[Beton Sinifi],0))),"") | I13: =IFERROR(IF($B13="","",$C13*INDEX(Receteler[Su (lt)],MATCH($B13,Receteler[Beton Sinifi],0))),"") | J13: =IFERROR(IF($B13="","",$C13*INDEX(Receteler[Katki (kg)],MATCH($B13,Receteler[Beton Sinifi],0))),"")
D14: =IFERROR(IF($B14="","",$C14*INDEX(Receteler[Cimento (kg)],MATCH($B14,Receteler[Beton Sinifi],0))),"") | E14: =IFERROR(IF($B14="","",$C14*INDEX(Receteler[Kum (kg)],MATCH($B14,Receteler[Beton Sinifi],0))),"") | F14: =IFERROR(IF($B14="","",$C14*INDEX(Receteler[Micir 0-5mm (kg)],MATCH($B14,Receteler[Beton Sinifi],0))),"") | G14: =IFERROR(IF($B14="","",$C14*INDEX(Receteler[Micir 5-12mm (kg)],MATCH($B14,Receteler[Beton Sinifi],0))),"") | H14: =IFERROR(IF($B14="","",$C14*INDEX(Receteler[Micir 12-19mm (kg)],MATCH($B14,Receteler[Beton Sinifi],0))),"") | I14: =IFERROR(IF($B14="","",$C14*INDEX(Receteler[Su (lt)],MATCH($B14,Receteler[Beton Sinifi],0))),"") | J14: =IFERROR(IF($B14="","",$C14*INDEX(Receteler[Katki (kg)],MATCH($B14,Receteler[Beton Sinifi],0))),"")
D15: =IFERROR(IF($B15="","",$C15*INDEX(Receteler[Cimento (kg)],MATCH($B15,Receteler[Beton Sinifi],0))),"") | E15: =IFERROR(IF($B15="","",$C15*INDEX(Receteler[Kum (kg)],MATCH($B15,Receteler[Beton Sinifi],0))),"") | F15: =IFERROR(IF($B15="","",$C15*INDEX(Receteler[Micir 0-5mm (kg)],MATCH($B15,Receteler[Beton Sinifi],0))),"") | G15: =IFERROR(IF($B15="","",$C15*INDEX(Receteler[Micir 5-12mm (kg)],MATCH($B15,Receteler[Beton Sinifi],0))),"") | H15: =IFERROR(IF($B15="","",$C15*INDEX(Receteler[Micir 12-19mm (kg)],MATCH($B15,Receteler[Beton Sinifi],0))),"") | I15: =IFERROR(IF($B15="","",$C15*INDEX(Receteler[Su (lt)],MATCH($B15,Receteler[Beton Sinifi],0))),"") | J15: =IFERROR(IF($B15="","",$C15*INDEX(Receteler[Katki (kg)],MATCH($B15,Receteler[Beton Sinifi],0))),"")
D16: =IFERROR(IF($B16="","",$C16*INDEX(Receteler[Cimento (kg)],MATCH($B16,Receteler[Beton Sinifi],0))),"") | E16: =IFERROR(IF($B16="","",$C16*INDEX(Receteler[Kum (kg)],MATCH($B16,Receteler[Beton Sinifi],0))),"") | F16: =IFERROR(IF($B16="","",$C16*INDEX(Receteler[Micir 0-5mm (kg)],MATCH($B16,Receteler[Beton Sinifi],0))),"") | G16: =IFERROR(IF($B16="","",$C16*INDEX(Receteler[Micir 5-12mm (kg)],MATCH($B16,Receteler[Beton Sinifi],0))),"") | H16: =IFERROR(IF($B16="","",$C16*INDEX(Receteler[Micir 12-19mm (kg)],MATCH($B16,Receteler[Beton Sinifi],0))),"") | I16: =IFERROR(IF($B16="","",$C16*INDEX(Receteler[Su (lt)],MATCH($B16,Receteler[Beton Sinifi],0))),"") | J16: =IFERROR(IF($B16="","",$C16*INDEX(Receteler[Katki (kg)],MATCH($B16,Receteler[Beton Sinifi],0))),"")
... D204: =IFERROR(IF($B204="","",$C204*INDEX(Receteler[Cimento (kg)],MATCH($B204,Receteler[Beton Sinifi],0))),"") | E204: =IFERROR(IF($B204="","",$C204*INDEX(Receteler[Kum (kg)],MATCH($B204,Receteler[Beton Sinifi],0))),"") | F204: =IFERROR(IF($B204="","",$C204*INDEX(Receteler[Micir 0-5mm (kg)],MATCH($B204,Receteler[Beton Sinifi],0))),"") | G204: =IFERROR(IF($B204="","",$C204*INDEX(Receteler[Micir 5-12mm (kg)],MATCH($B204,Receteler[Beton Sinifi],0))),"") | H204: =IFERROR(IF($B204="","",$C204*INDEX(Receteler[Micir 12-19mm (kg)],MATCH($B204,Receteler[Beton Sinifi],0))),"") | I204: =IFERROR(IF($B204="","",$C204*INDEX(Receteler[Su (lt)],MATCH($B204,Receteler[Beton Sinifi],0))),"") | J204: =IFERROR(IF($B204="","",$C204*INDEX(Receteler[Katki (kg)],MATCH($B204,Receteler[Beton Sinifi],0))),"")

Sheet Malzeme Stok
A1: MALZEME STOK DURUMU
A2: Cikislar Uretim Hesaplama sayfasindan otomatik gelir - girisleri asagidaki tablodan isleyin
A4: Malzeme | B4: Birim | C4: Baslangic Stok | D4: Toplam Giris | E4: Toplam Cikis (Uretim) | F4: Guncel Stok | G4: Kritik Stok Seviyesi | H4: Durum
A5: Cimento | B5: kg | C5: 0 | D5: =SUMIF(StokGiris[Malzeme],A5,StokGiris[Miktar]) -> 0 | E5: =SUM(UretimKayitlari[Cimento (kg)]) -> 0 | F5: =C5+D5-E5 -> 0 | G5: 0 | H5: =IF(F5<=G5,"KRITIK",IF(F5<=G5*1.5,"AZ","YETERLI")) -> KRITIK
A6: Kum | B6: kg | C6: 0 | D6: =SUMIF(StokGiris[Malzeme],A6,StokGiris[Miktar]) -> 0 | E6: =SUM(UretimKayitlari[Kum (kg)]) -> 0 | F6: =C6+D6-E6 -> 0 | G6: 0 | H6: =IF(F6<=G6,"KRITIK",IF(F6<=G6*1.5,"AZ","YETERLI")) -> KRITIK
A7: Micir 0-5mm | B7: kg | C7: 0 | D7: =SUMIF(StokGiris[Malzeme],A7,StokGiris[Miktar]) -> 0 | E7: =SUM(UretimKayitlari[Micir 0-5mm (kg)]) -> 0 | F7: =C7+D7-E7 -> 0 | G7: 0 | H7: =IF(F7<=G7,"KRITIK",IF(F7<=G7*1.5,"AZ","YETERLI")) -> KRITIK
A8: Micir 5-12mm | B8: kg | C8: 0 | D8: =SUMIF(StokGiris[Malzeme],A8,StokGiris[Miktar]) -> 0 | E8: =SUM(UretimKayitlari[Micir 5-12mm (kg)]) -> 0 | F8: =C8+D8-E8 -> 0 | G8: 0 | H8: =IF(F8<=G8,"KRITIK",IF(F8<=G8*1.5,"AZ","YETERLI")) -> KRITIK
A9: Micir 12-19mm | B9: kg | C9: 0 | D9: =SUMIF(StokGiris[Malzeme],A9,StokGiris[Miktar]) -> 0 | E9: =SUM(UretimKayitlari[Micir 12-19mm (kg)]) -> 0 | F9: =C9+D9-E9 -> 0 | G9: 0 | H9: =IF(F9<=G9,"KRITIK",IF(F9<=G9*1.5,"AZ","YETERLI")) -> KRITIK
A10: Su | B10: lt | C10: 0 | D10: =SUMIF(StokGiris[Malzeme],A10,StokGiris[Miktar]) -> 0 | E10: =SUM(UretimKayitlari[Su (lt)]) -> 0 | F10: =C10+D10-E10 -> 0 | G10: 0 | H10: =IF(F10<=G10,"KRITIK",IF(F10<=G10*1.5,"AZ","YETERLI")) -> KRITIK
A11: Katki | B11: kg | C11: 0 | D11: =SUMIF(StokGiris[Malzeme],A11,StokGiris[Miktar]) -> 0 | E11: =SUM(UretimKayitlari[Katki (kg)]) -> 0 | F11: =C11+D11-E11 -> 0 | G11: 0 | H11: =IF(F11<=G11,"KRITIK",IF(F11<=G11*1.5,"AZ","YETERLI")) -> KRITIK
A14: STOK GIRIS KAYITLARI
A15: Tarih | B15: Malzeme | C15: Miktar | D15: Tedarikci | E15: Not
