Workbook

Sheet Ayarlar_Depo
A1: AYARLAR VE DEPO DURUMU — BİTÜM SİSTEMİ
A3: PARAMETRE | B3: DEĞER | C3: BİRİM
A4: Depo Kapasitesi (her tank) | B4: 80 | C4: ton
A5: Kiralık – Ana Depo Mesafesi (tek yön) | B5: 185 | C5: km
A6: TIR Taşıma Kapasitesi | B6: 30 | C6: ton/sefer
A7: Yakıt Maliyeti | B7: 45 | C7: TL/km
A8: Sefer Başı Taşıma Maliyeti (gidiş-dönüş) | B8: =B5*2*B7 -> 16650 | C8: TL/sefer
A9: Ton Başı Taşıma Maliyeti | B9: =B8/B6 -> 555 | C9: TL/ton
A10: Güncel Referans Alış Fiyatı | B10: 18000 | C10: TL/ton
A11: Kritik Stok Uyarı Eşiği | B11: 0.2
A12: Düşük Stok Uyarı Eşiği | B12: 0.4
A14: NOT: Sigorta, şoför vb. maliyetler dahil edilmemiştir; taşıma maliyeti yalnızca mesafe×yakıt esaslıdır. Bitüm fiyatı değiştikçe yukarıdaki 'Güncel Referans Alış Fiyatı' güncellenmelidir.
A17: Depo Adı | B17: Tip | C17: Kapasite (ton) | D17: Güncel Stok (ton) | E17: Doluluk (%) | F17: Durum
A18: Kiralık Tanker 1 | B18: Kiralık | C18: =$B$4 -> 80 | D18: =SUMIFS(Gunluk_Hareket!$F:$F,Gunluk_Hareket!$C:$C,$A18,Gunluk_Hareket!$B:$B,"Alış")-SUMIFS(Gunluk_Hareket!$F:$F,Gunluk_Hareket!$D:$D,$A18,Gunluk_Hareket!$B:$B,"Taşıma") -> 0 | E18: =D18/C18 -> 0 | F18: =IF(E18<=$B$11,"KRİTİK",IF(E18<=$B$12,"DÜŞÜK","NORMAL")) -> KRİTİK
A19: Kiralık Tanker 2 | B19: Kiralık | C19: =$B$4 -> 80 | D19: =SUMIFS(Gunluk_Hareket!$F:$F,Gunluk_Hareket!$C:$C,$A19,Gunluk_Hareket!$B:$B,"Alış")-SUMIFS(Gunluk_Hareket!$F:$F,Gunluk_Hareket!$D:$D,$A19,Gunluk_Hareket!$B:$B,"Taşıma") -> 15 | E19: =D19/C19 -> 0.1875 | F19: =IF(E19<=$B$11,"KRİTİK",IF(E19<=$B$12,"DÜŞÜK","NORMAL")) -> KRİTİK
A20: Ana Depo 1 | B20: Ana Depo | C20: =$B$4 -> 80 | D20: =SUMIFS(Gunluk_Hareket!$F:$F,Gunluk_Hareket!$E:$E,$A20,Gunluk_Hareket!$B:$B,"Taşıma")-SUMIFS(Gunluk_Hareket!$F:$F,Gunluk_Hareket!$C:$C,$A20,Gunluk_Hareket!$B:$B,"Kullanım") -> 19 | E20: =D20/C20 -> 0.2375 | F20: =IF(E20<=$B$11,"KRİTİK",IF(E20<=$B$12,"DÜŞÜK","NORMAL")) -> DÜŞÜK
A21: Ana Depo 2 | B21: Ana Depo | C21: =$B$4 -> 80 | D21: =SUMIFS(Gunluk_Hareket!$F:$F,Gunluk_Hareket!$E:$E,$A21,Gunluk_Hareket!$B:$B,"Taşıma")-SUMIFS(Gunluk_Hareket!$F:$F,Gunluk_Hareket!$C:$C,$A21,Gunluk_Hareket!$B:$B,"Kullanım") -> 50 | E21: =D21/C21 -> 0.625 | F21: =IF(E21<=$B$11,"KRİTİK",IF(E21<=$B$12,"DÜŞÜK","NORMAL")) -> NORMAL
A22: Ana Depo 3 | B22: Ana Depo | C22: =$B$4 -> 80 | D22: =SUMIFS(Gunluk_Hareket!$F:$F,Gunluk_Hareket!$E:$E,$A22,Gunluk_Hareket!$B:$B,"Taşıma")-SUMIFS(Gunluk_Hareket!$F:$F,Gunluk_Hareket!$C:$C,$A22,Gunluk_Hareket!$B:$B,"Kullanım") -> 80 | E22: =D22/C22 -> 1 | F22: =IF(E22<=$B$11,"KRİTİK",IF(E22<=$B$12,"DÜŞÜK","NORMAL")) -> NORMAL
A23: Ana Depo 4 | B23: Ana Depo | C23: =$B$4 -> 80 | D23: =SUMIFS(Gunluk_Hareket!$F:$F,Gunluk_Hareket!$E:$E,$A23,Gunluk_Hareket!$B:$B,"Taşıma")-SUMIFS(Gunluk_Hareket!$F:$F,Gunluk_Hareket!$C:$C,$A23,Gunluk_Hareket!$B:$B,"Kullanım") -> 72 | E23: =D23/C23 -> 0.9 | F23: =IF(E23<=$B$11,"KRİTİK",IF(E23<=$B$12,"DÜŞÜK","NORMAL")) -> NORMAL
A24: TOPLAM | C24: =SUM(C18:C23) -> 480 | D24: =SUM(D18:D23) -> 236 | E24: =D24/C24 -> 0.49166667

Sheet Gunluk_Hareket
A1: GÜNLÜK HAREKET — ALIŞ / TAŞIMA / KULLANIM
A2: Sütunlara SADECE açılır listeden seçim yapın (serbest yazmayın). Alış → Depo(kiralık)+Miktar+Fiyat | Taşıma → Kaynak Depo(kiralık)+Hedef Depo(ana)+Miktar | Kullanım → Depo(ana)+Miktar
A3: Tarih | B3: Hareket Tipi | C3: Depo (Alış/Kullanım) | D3: Kaynak Depo (Taşıma) | E3: Hedef Depo (Taşıma) | F3: Miktar (ton) | G3: Alış Fiyatı (TL/ton) | H3: Alış Maliyeti (TL) | I3: TIR Sefer Sayısı | J3: Taşıma Maliyeti (TL) | K3: Kaynak Depo Ort. Fiyatı (TL/ton) | L3: Ana Depoya Varış Maliyeti (TL/ton) | M3: Toplam Maliyet (TL) | N3: Açıklama
A4: 46178 | B4: Alış | C4: Kiralık Tanker 1 | F4: 15 | G4: 17814 | H4: =IF(B4="Alış",F4*G4,"") -> 267210 | I4: =IF(B4="Taşıma",ROUNDUP(F4/Ayarlar_Depo!$B$6,0),"") | J4: =IF(B4="Taşıma",I4*Ayarlar_Depo!$B$8,"") | K4: =IF(B4="Taşıma",IFERROR(SUMIFS($H$4:H4,$C$4:C4,D4,$B$4:B4,"Alış")/SUMIFS($F$4:F4,$C$4:C4,D4,$B$4:B4,"Alış"),Ayarlar_Depo!$B$10),"") | L4: =IF(B4="Taşıma",K4+J4/F4,"") | M4: =IF(B4="Alış",H4,IF(B4="Taşıma",F4*L4,"")) -> 267210
A5: 46180 | B5: Alış | C5: Kiralık Tanker 1 | F5: 20 | G5: 18124 | H5: =IF(B5="Alış",F5*G5,"") -> 362480 | I5: =IF(B5="Taşıma",ROUNDUP(F5/Ayarlar_Depo!$B$6,0),"") | J5: =IF(B5="Taşıma",I5*Ayarlar_Depo!$B$8,"") | K5: =IF(B5="Taşıma",IFERROR(SUMIFS($H$4:H5,$C$4:C5,D5,$B$4:B5,"Alış")/SUMIFS($F$4:F5,$C$4:C5,D5,$B$4:B5,"Alış"),Ayarlar_Depo!$B$10),"") | L5: =IF(B5="Taşıma",K5+J5/F5,"") | M5: =IF(B5="Alış",H5,IF(B5="Taşıma",F5*L5,"")) -> 362480
A6: 46184 | B6: Alış | C6: Kiralık Tanker 2 | F6: 15 | G6: 18358 | H6: =IF(B6="Alış",F6*G6,"") -> 275370 | I6: =IF(B6="Taşıma",ROUNDUP(F6/Ayarlar_Depo!$B$6,0),"") | J6: =IF(B6="Taşıma",I6*Ayarlar_Depo!$B$8,"") | K6: =IF(B6="Taşıma",IFERROR(SUMIFS($H$4:H6,$C$4:C6,D6,$B$4:B6,"Alış")/SUMIFS($F$4:F6,$C$4:C6,D6,$B$4:B6,"Alış"),Ayarlar_Depo!$B$10),"") | L6: =IF(B6="Taşıma",K6+J6/F6,"") | M6: =IF(B6="Alış",H6,IF(B6="Taşıma",F6*L6,"")) -> 275370
A7: 46187 | B7: Taşıma | D7: Kiralık Tanker 2 | E7: Ana Depo 4 | F7: 15 | H7: =IF(B7="Alış",F7*G7,"") | I7: =IF(B7="Taşıma",ROUNDUP(F7/Ayarlar_Depo!$B$6,0),"") -> 1 | J7: =IF(B7="Taşıma",I7*Ayarlar_Depo!$B$8,"") -> 16650 | K7: =IF(B7="Taşıma",IFERROR(SUMIFS($H$4:H7,$C$4:C7,D7,$B$4:B7,"Alış")/SUMIFS($F$4:F7,$C$4:C7,D7,$B$4:B7,"Alış"),Ayarlar_Depo!$B$10),"") -> 18358 | L7: =IF(B7="Taşıma",K7+J7/F7,"") -> 19468 | M7: =IF(B7="Alış",H7,IF(B7="Taşıma",F7*L7,"")) -> 292020
A8: 46188 | B8: Alış | C8: Kiralık Tanker 1 | F8: 30 | G8: 18610 | H8: =IF(B8="Alış",F8*G8,"") -> 558300 | I8: =IF(B8="Taşıma",ROUNDUP(F8/Ayarlar_Depo!$B$6,0),"") | J8: =IF(B8="Taşıma",I8*Ayarlar_Depo!$B$8,"") | K8: =IF(B8="Taşıma",IFERROR(SUMIFS($H$4:H8,$C$4:C8,D8,$B$4:B8,"Alış")/SUMIFS($F$4:F8,$C$4:C8,D8,$B$4:B8,"Alış"),Ayarlar_Depo!$B$10),"") | L8: =IF(B8="Taşıma",K8+J8/F8,"") | M8: =IF(B8="Alış",H8,IF(B8="Taşıma",F8*L8,"")) -> 558300
A9: 46189 | B9: Alış | C9: Kiralık Tanker 1 | F9: 15 | G9: 18899 | H9: =IF(B9="Alış",F9*G9,"") -> 283485 | I9: =IF(B9="Taşıma",ROUNDUP(F9/Ayarlar_Depo!$B$6,0),"") | J9: =IF(B9="Taşıma",I9*Ayarlar_Depo!$B$8,"") | K9: =IF(B9="Taşıma",IFERROR(SUMIFS($H$4:H9,$C$4:C9,D9,$B$4:B9,"Alış")/SUMIFS($F$4:F9,$C$4:C9,D9,$B$4:B9,"Alış"),Ayarlar_Depo!$B$10),"") | L9: =IF(B9="Taşıma",K9+J9/F9,"") | M9: =IF(B9="Alış",H9,IF(B9="Taşıma",F9*L9,"")) -> 283485
A10: 46193 | B10: Kullanım | C10: Ana Depo 4 | F10: 10 | H10: =IF(B10="Alış",F10*G10,"") | I10: =IF(B10="Taşıma",ROUNDUP(F10/Ayarlar_Depo!$B$6,0),"") | J10: =IF(B10="Taşıma",I10*Ayarlar_Depo!$B$8,"") | K10: =IF(B10="Taşıma",IFERROR(SUMIFS($H$4:H10,$C$4:C10,D10,$B$4:B10,"Alış")/SUMIFS($F$4:F10,$C$4:C10,D10,$B$4:B10,"Alış"),Ayarlar_Depo!$B$10),"") | L10: =IF(B10="Taşıma",K10+J10/F10,"") | M10: =IF(B10="Alış",H10,IF(B10="Taşıma",F10*L10,""))
A11: 46198 | B11: Taşıma | D11: Kiralık Tanker 1 | E11: Ana Depo 3 | F11: 60 | H11: =IF(B11="Alış",F11*G11,"") | I11: =IF(B11="Taşıma",ROUNDUP(F11/Ayarlar_Depo!$B$6,0),"") -> 2 | J11: =IF(B11="Taşıma",I11*Ayarlar_Depo!$B$8,"") -> 33300 | K11: =IF(B11="Taşıma",IFERROR(SUMIFS($H$4:H11,$C$4:C11,D11,$B$4:B11,"Alış")/SUMIFS($F$4:F11,$C$4:C11,D11,$B$4:B11,"Alış"),Ayarlar_Depo!$B$10),"") -> 18393.438 | L11: =IF(B11="Taşıma",K11+J11/F11,"") -> 18948.438 | M11: =IF(B11="Alış",H11,IF(B11="Taşıma",F11*L11,"")) -> 1136906.2
A12: 46200 | B12: Alış | C12: Kiralık Tanker 1 | F12: 25 | G12: 19352 | H12: =IF(B12="Alış",F12*G12,"") -> 483800 | I12: =IF(B12="Taşıma",ROUNDUP(F12/Ayarlar_Depo!$B$6,0),"") | J12: =IF(B12="Taşıma",I12*Ayarlar_Depo!$B$8,"") | K12: =IF(B12="Taşıma",IFERROR(SUMIFS($H$4:H12,$C$4:C12,D12,$B$4:B12,"Alış")/SUMIFS($F$4:F12,$C$4:C12,D12,$B$4:B12,"Alış"),Ayarlar_Depo!$B$10),"") | L12: =IF(B12="Taşıma",K12+J12/F12,"") | M12: =IF(B12="Alış",H12,IF(B12="Taşıma",F12*L12,"")) -> 483800
A13: 46201 | B13: Alış | C13: Kiralık Tanker 2 | F13: 20 | G13: 18063 | H13: =IF(B13="Alış",F13*G13,"") -> 361260 | I13: =IF(B13="Taşıma",ROUNDUP(F13/Ayarlar_Depo!$B$6,0),"") | J13: =IF(B13="Taşıma",I13*Ayarlar_Depo!$B$8,"") | K13: =IF(B13="Taşıma",IFERROR(SUMIFS($H$4:H13,$C$4:C13,D13,$B$4:B13,"Alış")/SUMIFS($F$4:F13,$C$4:C13,D13,$B$4:B13,"Alış"),Ayarlar_Depo!$B$10),"") | L13: =IF(B13="Taşıma",K13+J13/F13,"") | M13: =IF(B13="Alış",H13,IF(B13="Taşıma",F13*L13,"")) -> 361260
A14: 46202 | B14: Alış | C14: Kiralık Tanker 1 | F14: 30 | G14: 19335 | H14: =IF(B14="Alış",F14*G14,"") -> 580050 | I14: =IF(B14="Taşıma",ROUNDUP(F14/Ayarlar_Depo!$B$6,0),"") | J14: =IF(B14="Taşıma",I14*Ayarlar_Depo!$B$8,"") | K14: =IF(B14="Taşıma",IFERROR(SUMIFS($H$4:H14,$C$4:C14,D14,$B$4:B14,"Alış")/SUMIFS($F$4:F14,$C$4:C14,D14,$B$4:B14,"Alış"),Ayarlar_Depo!$B$10),"") | L14: =IF(B14="Taşıma",K14+J14/F14,"") | M14: =IF(B14="Alış",H14,IF(B14="Taşıma",F14*L14,"")) -> 580050
A15: 46203 | B15: Taşıma | D15: Kiralık Tanker 1 | E15: Ana Depo 4 | F15: 30 | H15: =IF(B15="Alış",F15*G15,"") | I15: =IF(B15="Taşıma",ROUNDUP(F15/Ayarlar_Depo!$B$6,0),"") -> 1 | J15: =IF(B15="Taşıma",I15*Ayarlar_Depo!$B$8,"") -> 16650 | K15: =IF(B15="Taşıma",IFERROR(SUMIFS($H$4:H15,$C$4:C15,D15,$B$4:B15,"Alış")/SUMIFS($F$4:F15,$C$4:C15,D15,$B$4:B15,"Alış"),Ayarlar_Depo!$B$10),"") -> 18780.185 | L15: =IF(B15="Taşıma",K15+J15/F15,"") -> 19335.185 | M15: =IF(B15="Alış",H15,IF(B15="Taşıma",F15*L15,"")) -> 580055.56
A16: 46205 | B16: Taşıma | D16: Kiralık Tanker 2 | E16: Ana Depo 4 | F16: 20 | H16: =IF(B16="Alış",F16*G16,"") | I16: =IF(B16="Taşıma",ROUNDUP(F16/Ayarlar_Depo!$B$6,0),"") -> 1 | J16: =IF(B16="Taşıma",I16*Ayarlar_Depo!$B$8,"") -> 16650 | K16: =IF(B16="Taşıma",IFERROR(SUMIFS($H$4:H16,$C$4:C16,D16,$B$4:B16,"Alış")/SUMIFS($F$4:F16,$C$4:C16,D16,$B$4:B16,"Alış"),Ayarlar_Depo!$B$10),"") -> 18189.429 | L16: =IF(B16="Taşıma",K16+J16/F16,"") -> 19021.929 | M16: =IF(B16="Alış",H16,IF(B16="Taşıma",F16*L16,"")) -> 380438.57
A17: 46206 | B17: Taşıma | D17: Kiralık Tanker 1 | E17: Ana Depo 2 | F17: 45 | H17: =IF(B17="Alış",F17*G17,"") | I17: =IF(B17="Taşıma",ROUNDUP(F17/Ayarlar_Depo!$B$6,0),"") -> 2 | J17: =IF(B17="Taşıma",I17*Ayarlar_Depo!$B$8,"") -> 33300 | K17: =IF(B17="Taşıma",IFERROR(SUMIFS($H$4:H17,$C$4:C17,D17,$B$4:B17,"Alış")/SUMIFS($F$4:F17,$C$4:C17,D17,$B$4:B17,"Alış"),Ayarlar_Depo!$B$10),"") -> 18780.185 | L17: =IF(B17="Taşıma",K17+J17/F17,"") -> 19520.185 | M17: =IF(B17="Alış",H17,IF(B17="Taşıma",F17*L17,"")) -> 878408.33
A18: 46210 | B18: Alış | C18: Kiralık Tanker 1 | F18: 25 | G18: 19595 | H18: =IF(B18="Alış",F18*G18,"") -> 489875 | I18: =IF(B18="Taşıma",ROUNDUP(F18/Ayarlar_Depo!$B$6,0),"") | J18: =IF(B18="Taşıma",I18*Ayarlar_Depo!$B$8,"") | K18: =IF(B18="Taşıma",IFERROR(SUMIFS($H$4:H18,$C$4:C18,D18,$B$4:B18,"Alış")/SUMIFS($F$4:F18,$C$4:C18,D18,$B$4:B18,"Alış"),Ayarlar_Depo!$B$10),"") | L18: =IF(B18="Taşıma",K18+J18/F18,"") | M18: =IF(B18="Alış",H18,IF(B18="Taşıma",F18*L18,"")) -> 489875
A19: 46211 | B19: Kullanım | C19: Ana Depo 4 | F19: 6 | H19: =IF(B19="Alış",F19*G19,"") | I19: =IF(B19="Taşıma",ROUNDUP(F19/Ayarlar_Depo!$B$6,0),"") | J19: =IF(B19="Taşıma",I19*Ayarlar_Depo!$B$8,"") | K19: =IF(B19="Taşıma",IFERROR(SUMIFS($H$4:H19,$C$4:C19,D19,$B$4:B19,"Alış")/SUMIFS($F$4:F19,$C$4:C19,D19,$B$4:B19,"Alış"),Ayarlar_Depo!$B$10),"") | L19: =IF(B19="Taşıma",K19+J19/F19,"") | M19: =IF(B19="Alış",H19,IF(B19="Taşıma",F19*L19,""))
A20: 46212 | B20: Alış | C20: Kiralık Tanker 2 | F20: 15 | G20: 17880 | H20: =IF(B20="Alış",F20*G20,"") -> 268200 | I20: =IF(B20="Taşıma",ROUNDUP(F20/Ayarlar_Depo!$B$6,0),"") | J20: =IF(B20="Taşıma",I20*Ayarlar_Depo!$B$8,"") | K20: =IF(B20="Taşıma",IFERROR(SUMIFS($H$4:H20,$C$4:C20,D20,$B$4:B20,"Alış")/SUMIFS($F$4:F20,$C$4:C20,D20,$B$4:B20,"Alış"),Ayarlar_Depo!$B$10),"") | L20: =IF(B20="Taşıma",K20+J20/F20,"") | M20: =IF(B20="Alış",H20,IF(B20="Taşıma",F20*L20,"")) -> 268200
A21: 46213 | B21: Kullanım | C21: Ana Depo 3 | F21: 15 | H21: =IF(B21="Alış",F21*G21,"") | I21: =IF(B21="Taşıma",ROUNDUP(F21/Ayarlar_Depo!$B$6,0),"") | J21: =IF(B21="Taşıma",I21*Ayarlar_Depo!$B$8,"") | K21: =IF(B21="Taşıma",IFERROR(SUMIFS($H$4:H21,$C$4:C21,D21,$B$4:B21,"Alış")/SUMIFS($F$4:F21,$C$4:C21,D21,$B$4:B21,"Alış"),Ayarlar_Depo!$B$10),"") | L21: =IF(B21="Taşıma",K21+J21/F21,"") | M21: =IF(B21="Alış",H21,IF(B21="Taşıma",F21*L21,""))
A22: 46214 | B22: Taşıma | D22: Kiralık Tanker 2 | E22: Ana Depo 3 | F22: 15 | H22: =IF(B22="Alış",F22*G22,"") | I22: =IF(B22="Taşıma",ROUNDUP(F22/Ayarlar_Depo!$B$6,0),"") -> 1 | J22: =IF(B22="Taşıma",I22*Ayarlar_Depo!$B$8,"") -> 16650 | K22: =IF(B22="Taşıma",IFERROR(SUMIFS($H$4:H22,$C$4:C22,D22,$B$4:B22,"Alış")/SUMIFS($F$4:F22,$C$4:C22,D22,$B$4:B22,"Alış"),Ayarlar_Depo!$B$10),"") -> 18096.6 | L22: =IF(B22="Taşıma",K22+J22/F22,"") -> 19206.6 | M22: =IF(B22="Alış",H22,IF(B22="Taşıma",F22*L22,"")) -> 288099
A23: 46216 | B23: Taşıma | D23: Kiralık Tanker 1 | E23: Ana Depo 1 | F23: 25 | H23: =IF(B23="Alış",F23*G23,"") | I23: =IF(B23="Taşıma",ROUNDUP(F23/Ayarlar_Depo!$B$6,0),"") -> 1 | J23: =IF(B23="Taşıma",I23*Ayarlar_Depo!$B$8,"") -> 16650 | K23: =IF(B23="Taşıma",IFERROR(SUMIFS($H$4:H23,$C$4:C23,D23,$B$4:B23,"Alış")/SUMIFS($F$4:F23,$C$4:C23,D23,$B$4:B23,"Alış"),Ayarlar_Depo!$B$10),"") -> 18907.5 | L23: =IF(B23="Taşıma",K23+J23/F23,"") -> 19573.5 | M23: =IF(B23="Alış",H23,IF(B23="Taşıma",F23*L23,"")) -> 489337.5
A24: 46218 | B24: Alış | C24: Kiralık Tanker 1 | F24: 25 | G24: 19802 | H24: =IF(B24="Alış",F24*G24,"") -> 495050 | I24: =IF(B24="Taşıma",ROUNDUP(F24/Ayarlar_Depo!$B$6,0),"") | J24: =IF(B24="Taşıma",I24*Ayarlar_Depo!$B$8,"") | K24: =IF(B24="Taşıma",IFERROR(SUMIFS($H$4:H24,$C$4:C24,D24,$B$4:B24,"Alış")/SUMIFS($F$4:F24,$C$4:C24,D24,$B$4:B24,"Alış"),Ayarlar_Depo!$B$10),"") | L24: =IF(B24="Taşıma",K24+J24/F24,"") | M24: =IF(B24="Alış",H24,IF(B24="Taşıma",F24*L24,"")) -> 495050
A25: 46221 | B25: Taşıma | D25: Kiralık Tanker 1 | E25: Ana Depo 2 | F25: 25 | H25: =IF(B25="Alış",F25*G25,"") | I25: =IF(B25="Taşıma",ROUNDUP(F25/Ayarlar_Depo!$B$6,0),"") -> 1 | J25: =IF(B25="Taşıma",I25*Ayarlar_Depo!$B$8,"") -> 16650 | K25: =IF(B25="Taşıma",IFERROR(SUMIFS($H$4:H25,$C$4:C25,D25,$B$4:B25,"Alış")/SUMIFS($F$4:F25,$C$4:C25,D25,$B$4:B25,"Alış"),Ayarlar_Depo!$B$10),"") -> 19028.378 | L25: =IF(B25="Taşıma",K25+J25/F25,"") -> 19694.378 | M25: =IF(B25="Alış",H25,IF(B25="Taşıma",F25*L25,"")) -> 492359.46
A26: 46227 | B26: Kullanım | C26: Ana Depo 4 | F26: 12 | H26: =IF(B26="Alış",F26*G26,"") | I26: =IF(B26="Taşıma",ROUNDUP(F26/Ayarlar_Depo!$B$6,0),"") | J26: =IF(B26="Taşıma",I26*Ayarlar_Depo!$B$8,"") | K26: =IF(B26="Taşıma",IFERROR(SUMIFS($H$4:H26,$C$4:C26,D26,$B$4:B26,"Alış")/SUMIFS($F$4:F26,$C$4:C26,D26,$B$4:B26,"Alış"),Ayarlar_Depo!$B$10),"") | L26: =IF(B26="Taşıma",K26+J26/F26,"") | M26: =IF(B26="Alış",H26,IF(B26="Taşıma",F26*L26,""))
A27: 46229 | B27: Alış | C27: Kiralık Tanker 1 | F27: 35 | G27: 20129 | H27: =IF(B27="Alış",F27*G27,"") -> 704515 | I27: =IF(B27="Taşıma",ROUNDUP(F27/Ayarlar_Depo!$B$6,0),"") | J27: =IF(B27="Taşıma",I27*Ayarlar_Depo!$B$8,"") | K27: =IF(B27="Taşıma",IFERROR(SUMIFS($H$4:H27,$C$4:C27,D27,$B$4:B27,"Alış")/SUMIFS($F$4:F27,$C$4:C27,D27,$B$4:B27,"Alış"),Ayarlar_Depo!$B$10),"") | L27: =IF(B27="Taşıma",K27+J27/F27,"") | M27: =IF(B27="Alış",H27,IF(B27="Taşıma",F27*L27,"")) -> 704515
A28: 46231 | B28: Kullanım | C28: Ana Depo 1 | F28: 6 | H28: =IF(B28="Alış",F28*G28,"") | I28: =IF(B28="Taşıma",ROUNDUP(F28/Ayarlar_Depo!$B$6,0),"") | J28: =IF(B28="Taşıma",I28*Ayarlar_Depo!$B$8,"") | K28: =IF(B28="Taşıma",IFERROR(SUMIFS($H$4:H28,$C$4:C28,D28,$B$4:B28,"Alış")/SUMIFS($F$4:F28,$C$4:C28,D28,$B$4:B28,"Alış"),Ayarlar_Depo!$B$10),"") | L28: =IF(B28="Taşıma",K28+J28/F28,"") | M28: =IF(B28="Alış",H28,IF(B28="Taşıma",F28*L28,""))
A29: 46232 | B29: Taşıma | D29: Kiralık Tanker 1 | E29: Ana Depo 4 | F29: 35 | H29: =IF(B29="Alış",F29*G29,"") | I29: =IF(B29="Taşıma",ROUNDUP(F29/Ayarlar_Depo!$B$6,0),"") -> 2 | J29: =IF(B29="Taşıma",I29*Ayarlar_Depo!$B$8,"") -> 33300 | K29: =IF(B29="Taşıma",IFERROR(SUMIFS($H$4:H29,$C$4:C29,D29,$B$4:B29,"Alış")/SUMIFS($F$4:F29,$C$4:C29,D29,$B$4:B29,"Alış"),Ayarlar_Depo!$B$10),"") -> 19203.477 | L29: =IF(B29="Taşıma",K29+J29/F29,"") -> 20154.906 | M29: =IF(B29="Alış",H29,IF(B29="Taşıma",F29*L29,"")) -> 705421.7
A30: 46233 | B30: Kullanım | C30: Ana Depo 2 | F30: 10 | H30: =IF(B30="Alış",F30*G30,"") | I30: =IF(B30="Taşıma",ROUNDUP(F30/Ayarlar_Depo!$B$6,0),"") | J30: =IF(B30="Taşıma",I30*Ayarlar_Depo!$B$8,"") | K30: =IF(B30="Taşıma",IFERROR(SUMIFS($H$4:H30,$C$4:C30,D30,$B$4:B30,"Alış")/SUMIFS($F$4:F30,$C$4:C30,D30,$B$4:B30,"Alış"),Ayarlar_Depo!$B$10),"") | L30: =IF(B30="Taşıma",K30+J30/F30,"") | M30: =IF(B30="Alış",H30,IF(B30="Taşıma",F30*L30,""))
A31: 46236 | B31: Alış | C31: Kiralık Tanker 2 | F31: 35 | G31: 18302 | H31: =IF(B31="Alış",F31*G31,"") -> 640570 | I31: =IF(B31="Taşıma",ROUNDUP(F31/Ayarlar_Depo!$B$6,0),"") | J31: =IF(B31="Taşıma",I31*Ayarlar_Depo!$B$8,"") | K31: =IF(B31="Taşıma",IFERROR(SUMIFS($H$4:H31,$C$4:C31,D31,$B$4:B31,"Alış")/SUMIFS($F$4:F31,$C$4:C31,D31,$B$4:B31,"Alış"),Ayarlar_Depo!$B$10),"") | L31: =IF(B31="Taşıma",K31+J31/F31,"") | M31: =IF(B31="Alış",H31,IF(B31="Taşıma",F31*L31,"")) -> 640570
A32: 46240 | B32: Taşıma | D32: Kiralık Tanker 2 | E32: Ana Depo 3 | F32: 20 | H32: =IF(B32="Alış",F32*G32,"") | I32: =IF(B32="Taşıma",ROUNDUP(F32/Ayarlar_Depo!$B$6,0),"") -> 1 | J32: =IF(B32="Taşıma",I32*Ayarlar_Depo!$B$8,"") -> 16650 | K32: =IF(B32="Taşıma",IFERROR(SUMIFS($H$4:H32,$C$4:C32,D32,$B$4:B32,"Alış")/SUMIFS($F$4:F32,$C$4:C32,D32,$B$4:B32,"Alış"),Ayarlar_Depo!$B$10),"") -> 18181.176 | L32: =IF(B32="Taşıma",K32+J32/F32,"") -> 19013.676 | M32: =IF(B32="Alış",H32,IF(B32="Taşıma",F32*L32,"")) -> 380273.53
A33: 46244 | B33: Kullanım | C33: Ana Depo 2 | F33: 10 | H33: =IF(B33="Alış",F33*G33,"") | I33: =IF(B33="Taşıma",ROUNDUP(F33/Ayarlar_Depo!$B$6,0),"") | J33: =IF(B33="Taşıma",I33*Ayarlar_Depo!$B$8,"") | K33: =IF(B33="Taşıma",IFERROR(SUMIFS($H$4:H33,$C$4:C33,D33,$B$4:B33,"Alış")/SUMIFS($F$4:F33,$C$4:C33,D33,$B$4:B33,"Alış"),Ayarlar_Depo!$B$10),"") | L33: =IF(B33="Taşıma",K33+J33/F33,"") | M33: =IF(B33="Alış",H33,IF(B33="Taşıma",F33*L33,""))

Sheet Ozet
A1: ÖZET — MALİYET VE STOK GÖSTERGE PANELİ
A3: Toplam Sistem Kapasitesi (ton) | B3: =Ayarlar_Depo!C24 -> 480
A4: Toplam Güncel Stok (ton) | B4: =Ayarlar_Depo!D24 -> 236
A5: Genel Doluluk Oranı (%) | B5: =Ayarlar_Depo!E24 -> 0.49166667
A6: Kritik Durumdaki Depo Sayısı | B6: =COUNTIF(Ayarlar_Depo!F18:F23,"KRİTİK") -> 2
A7: Toplam Alış Miktarı (ton) | B7: =SUMIFS(Gunluk_Hareket!$F:$F,Gunluk_Hareket!$B:$B,"Alış") -> 305
A8: Toplam Alış Maliyeti (TL) | B8: =SUMIFS(Gunluk_Hareket!$H:$H,Gunluk_Hareket!$B:$B,"Alış") -> 5770165
A9: Ortalama Alış Fiyatı (TL/ton) | B9: =B8/B7 -> 18918.574
A10: Toplam Taşıma Sefer Sayısı | B10: =SUMIFS(Gunluk_Hareket!$I:$I,Gunluk_Hareket!$B:$B,"Taşıma") -> 13
A11: Toplam Taşıma Maliyeti (TL) | B11: =SUMIFS(Gunluk_Hareket!$J:$J,Gunluk_Hareket!$B:$B,"Taşıma") -> 216450
A12: Ort. Ana Depoya Varış Maliyeti (TL/ton) | B12: =SUMIFS(Gunluk_Hareket!$M:$M,Gunluk_Hareket!$B:$B,"Taşıma")/SUMIFS(Gunluk_Hareket!$F:$F,Gunluk_Hareket!$B:$B,"Taşıma") -> 19390.758
A13: Toplam Saha Kullanım Miktarı (ton) | B13: =SUMIFS(Gunluk_Hareket!$F:$F,Gunluk_Hareket!$B:$B,"Kullanım") -> 69
A15: =IF(COUNTIF(Ayarlar_Depo!F18:F23,"KRİTİK")>0,"⚠ DİKKAT: Kritik seviyede depo var!","Tüm depolar normal/düşük seviyede.") -> ⚠ DİKKAT: Kritik seviyede depo var!
A17: Karşılaştırma | B17: TL/ton
A18: Ort. Alış Fiyatı | B18: =B9 -> 18918.574
A19: Ort. Ana Depoya Varış Maliyeti | B19: =B12 -> 19390.758
