Workbook

Sheet LİSTELER
A1: MAHALLELER | B1: MÜDÜRLÜKLER | C1: ŞİKAYET_TURLERI
A2: 30 Ekim Mahallesi | B2: Fen İşleri Müdürlüğü | C2: Logar Tıkanıklığı
A3: Alpaslan Mahallesi | B3: Su ve Kanalizasyon İşleri Müdürlüğü | C3: Vidanjör Talebi
A4: Atatürk Mahallesi | B4: Temizlik İşleri Müdürlüğü | C4: Su Arızası
A5: Aydınlıkevler Mahallesi | B5: Zabıta Müdürlüğü | C5: Yol Bozukluğu
A6: Bahçelievler Mahallesi | B6: Park ve Bahçeler Müdürlüğü | C6: Çöp Toplama
A7: Bayrampaşa Mahallesi | B7: Ulaşım Hizmetleri Müdürlüğü | C7: Park Bakım
A8: Bülbül Mahallesi | B8: Karsbel Müdürlüğü | C8: Zabıta Şikayeti
A9: Cumhuriyet Mahallesi | C9: Ulaşım Sorunu
A10: Fevzi Çakmak Mahallesi | C10: Asfalt Onarım
A11: Hafızpaşa Mahallesi | C11: Diğer
A12: Halitpaşa Mahallesi
A13: İstasyon Mahallesi
A14: Kaleiçi Mahallesi
A15: Karadağ Mahallesi
A16: Merkez
A17: Ortakapı Mahallesi
A18: Örenek Mahallesi
A19: Paşaçayır Mahallesi
A20: Sukapı Mahallesi
A21: Şehitler Mahallesi
A22: Yenimahalle
A23: Yenişehir Mahallesi
A24: Yusufpaşa Mahallesi

Sheet TANIMLAMALAR
A1: TANIMLAMALAR — Araç-Şoför Zimmet ve Personel Listesi
A2: Araç plakası, şoför adı ve telefon numarasını manuel giriniz. Şikayet Kayıt sayfasında plaka seçildiğinde şoför ve telefon otomatik gelecektir.
A3: ARAÇ — ŞOFÖR ZİMMET LİSTESİ | G3: PERSONEL LİSTESİ
A4: PLAKA | B4: ARAÇ CİNSİ / TİPİ | C4: ATANAN ŞOFÖR | D4: ŞOFÖR TELEFONU | E4: MÜDÜRLÜK / BİRİM | G4: ADI SOYADI | H4: TELEFON | I4: MÜDÜRLÜK / BİRİM | J4: GÖREV / UNVAN | K4: NOT

Sheet ŞİKAYET KAYIT
A1: KARS BELEDİYESİ — MERKEZ ŞİKAYET & İŞ TAKİP SİSTEMİ
A2: Her satır = 1 şikayet. Plaka girildiğinde Şoför ve Telefon otomatik dolar. Durum 'Kapatıldı' seçildiğinde kayıt Kapalı İşler'e geçer.
A3: Şikayet No | B3: Kayıt Tarihi | C3: Kayıt Saati | D3: Arayan Kişi | E3: Telefon | F3: Mahalle | G3: Açık Adres | H3: Şikayet Türü | I3: Açıklama | J3: Yönlendirilen Müdürlük | K3: Görevlendirilen Araç (Plaka) | L3: Şoför Adı | M3: Şoför Telefonu | N3: Görevlendirilen Personel | O3: Öncelik | P3: Durum | Q3: Kapanış Tarihi | R3: Çözüm Notu
A4: =IF(D4<>"","ŞKY-"&TEXT(ROW()-3,"0000"),"") | L4: =IFERROR(IF(K4="","",VLOOKUP(K4,TANIMLAMALAR!$A$5:$E$104,3,0)),"") | M4: =IFERROR(IF(K4="","",VLOOKUP(K4,TANIMLAMALAR!$A$5:$E$104,4,0)),"")
A5: =IF(D5<>"","ŞKY-"&TEXT(ROW()-3,"0000"),"") | L5: =IFERROR(IF(K5="","",VLOOKUP(K5,TANIMLAMALAR!$A$5:$E$104,3,0)),"") | M5: =IFERROR(IF(K5="","",VLOOKUP(K5,TANIMLAMALAR!$A$5:$E$104,4,0)),"")
A6: =IF(D6<>"","ŞKY-"&TEXT(ROW()-3,"0000"),"") | L6: =IFERROR(IF(K6="","",VLOOKUP(K6,TANIMLAMALAR!$A$5:$E$104,3,0)),"") | M6: =IFERROR(IF(K6="","",VLOOKUP(K6,TANIMLAMALAR!$A$5:$E$104,4,0)),"")
A7: =IF(D7<>"","ŞKY-"&TEXT(ROW()-3,"0000"),"") | L7: =IFERROR(IF(K7="","",VLOOKUP(K7,TANIMLAMALAR!$A$5:$E$104,3,0)),"") | M7: =IFERROR(IF(K7="","",VLOOKUP(K7,TANIMLAMALAR!$A$5:$E$104,4,0)),"")
A8: =IF(D8<>"","ŞKY-"&TEXT(ROW()-3,"0000"),"") | L8: =IFERROR(IF(K8="","",VLOOKUP(K8,TANIMLAMALAR!$A$5:$E$104,3,0)),"") | M8: =IFERROR(IF(K8="","",VLOOKUP(K8,TANIMLAMALAR!$A$5:$E$104,4,0)),"")
A9: =IF(D9<>"","ŞKY-"&TEXT(ROW()-3,"0000"),"") | L9: =IFERROR(IF(K9="","",VLOOKUP(K9,TANIMLAMALAR!$A$5:$E$104,3,0)),"") | M9: =IFERROR(IF(K9="","",VLOOKUP(K9,TANIMLAMALAR!$A$5:$E$104,4,0)),"")
A10: =IF(D10<>"","ŞKY-"&TEXT(ROW()-3,"0000"),"") | L10: =IFERROR(IF(K10="","",VLOOKUP(K10,TANIMLAMALAR!$A$5:$E$104,3,0)),"") | M10: =IFERROR(IF(K10="","",VLOOKUP(K10,TANIMLAMALAR!$A$5:$E$104,4,0)),"")
A11: =IF(D11<>"","ŞKY-"&TEXT(ROW()-3,"0000"),"") | L11: =IFERROR(IF(K11="","",VLOOKUP(K11,TANIMLAMALAR!$A$5:$E$104,3,0)),"") | M11: =IFERROR(IF(K11="","",VLOOKUP(K11,TANIMLAMALAR!$A$5:$E$104,4,0)),"")
A12: =IF(D12<>"","ŞKY-"&TEXT(ROW()-3,"0000"),"") | L12: =IFERROR(IF(K12="","",VLOOKUP(K12,TANIMLAMALAR!$A$5:$E$104,3,0)),"") | M12: =IFERROR(IF(K12="","",VLOOKUP(K12,TANIMLAMALAR!$A$5:$E$104,4,0)),"")
A13: =IF(D13<>"","ŞKY-"&TEXT(ROW()-3,"0000"),"") | L13: =IFERROR(IF(K13="","",VLOOKUP(K13,TANIMLAMALAR!$A$5:$E$104,3,0)),"") | M13: =IFERROR(IF(K13="","",VLOOKUP(K13,TANIMLAMALAR!$A$5:$E$104,4,0)),"")
A14: =IF(D14<>"","ŞKY-"&TEXT(ROW()-3,"0000"),"") | L14: =IFERROR(IF(K14="","",VLOOKUP(K14,TANIMLAMALAR!$A$5:$E$104,3,0)),"") | M14: =IFERROR(IF(K14="","",VLOOKUP(K14,TANIMLAMALAR!$A$5:$E$104,4,0)),"")
A15: =IF(D15<>"","ŞKY-"&TEXT(ROW()-3,"0000"),"") | L15: =IFERROR(IF(K15="","",VLOOKUP(K15,TANIMLAMALAR!$A$5:$E$104,3,0)),"") | M15: =IFERROR(IF(K15="","",VLOOKUP(K15,TANIMLAMALAR!$A$5:$E$104,4,0)),"")
... A503: =IF(D503<>"","ŞKY-"&TEXT(ROW()-3,"0000"),"") | L503: =IFERROR(IF(K503="","",VLOOKUP(K503,TANIMLAMALAR!$A$5:$E$104,3,0)),"") | M503: =IFERROR(IF(K503="","",VLOOKUP(K503,TANIMLAMALAR!$A$5:$E$104,4,0)),"")

Sheet AKTİF İŞLER
A1: AKTİF İŞLER — Açık ve Devam Eden Şikayetler
A2: ŞİKAYET KAYIT sayfasından otomatik beslenir. Durum 'Kapatıldı' olanlar bu listede görünmez.
A3: Şikayet No | B3: Tarih | C3: Arayan | D3: Mahalle | E3: Şikayet Türü | F3: Açıklama | G3: Müdürlük | H3: Plaka | I3: Şoför | J3: Şoför Tel. | K3: Personel | L3: Öncelik | M3: Durum
A4: =IFERROR(IF('ŞİKAYET KAYIT'!P4="Kapatıldı","",IF('ŞİKAYET KAYIT'!A4="","",'ŞİKAYET KAYIT'!A4)),"") | B4: =IFERROR(IF('ŞİKAYET KAYIT'!P4="Kapatıldı","",IF('ŞİKAYET KAYIT'!B4="","",'ŞİKAYET KAYIT'!B4)),"") | C4: =IFERROR(IF('ŞİKAYET KAYIT'!P4="Kapatıldı","",IF('ŞİKAYET KAYIT'!D4="","",'ŞİKAYET KAYIT'!D4)),"") | D4: =IFERROR(IF('ŞİKAYET KAYIT'!P4="Kapatıldı","",IF('ŞİKAYET KAYIT'!F4="","",'ŞİKAYET KAYIT'!F4)),"") | E4: =IFERROR(IF('ŞİKAYET KAYIT'!P4="Kapatıldı","",IF('ŞİKAYET KAYIT'!H4="","",'ŞİKAYET KAYIT'!H4)),"") | F4: =IFERROR(IF('ŞİKAYET KAYIT'!P4="Kapatıldı","",IF('ŞİKAYET KAYIT'!I4="","",'ŞİKAYET KAYIT'!I4)),"") | G4: =IFERROR(IF('ŞİKAYET KAYIT'!P4="Kapatıldı","",IF('ŞİKAYET KAYIT'!J4="","",'ŞİKAYET KAYIT'!J4)),"") | H4: =IFERROR(IF('ŞİKAYET KAYIT'!P4="Kapatıldı","",IF('ŞİKAYET KAYIT'!K4="","",'ŞİKAYET KAYIT'!K4)),"") | I4: =IFERROR(IF('ŞİKAYET KAYIT'!P4="Kapatıldı","",IF('ŞİKAYET KAYIT'!L4="","",'ŞİKAYET KAYIT'!L4)),"") | J4: =IFERROR(IF('ŞİKAYET KAYIT'!P4="Kapatıldı","",IF('ŞİKAYET KAYIT'!M4="","",'ŞİKAYET KAYIT'!M4)),"") | K4: =IFERROR(IF('ŞİKAYET KAYIT'!P4="Kapatıldı","",IF('ŞİKAYET KAYIT'!N4="","",'ŞİKAYET KAYIT'!N4)),"") | L4: =IFERROR(IF('ŞİKAYET KAYIT'!P4="Kapatıldı","",IF('ŞİKAYET KAYIT'!O4="","",'ŞİKAYET KAYIT'!O4)),"") | M4: =IFERROR(IF('ŞİKAYET KAYIT'!P4="Kapatıldı","",IF('ŞİKAYET KAYIT'!P4="","",'ŞİKAYET KAYIT'!P4)),"")
A5: =IFERROR(IF('ŞİKAYET KAYIT'!P5="Kapatıldı","",IF('ŞİKAYET KAYIT'!A5="","",'ŞİKAYET KAYIT'!A5)),"") | B5: =IFERROR(IF('ŞİKAYET KAYIT'!P5="Kapatıldı","",IF('ŞİKAYET KAYIT'!B5="","",'ŞİKAYET KAYIT'!B5)),"") | C5: =IFERROR(IF('ŞİKAYET KAYIT'!P5="Kapatıldı","",IF('ŞİKAYET KAYIT'!D5="","",'ŞİKAYET KAYIT'!D5)),"") | D5: =IFERROR(IF('ŞİKAYET KAYIT'!P5="Kapatıldı","",IF('ŞİKAYET KAYIT'!F5="","",'ŞİKAYET KAYIT'!F5)),"") | E5: =IFERROR(IF('ŞİKAYET KAYIT'!P5="Kapatıldı","",IF('ŞİKAYET KAYIT'!H5="","",'ŞİKAYET KAYIT'!H5)),"") | F5: =IFERROR(IF('ŞİKAYET KAYIT'!P5="Kapatıldı","",IF('ŞİKAYET KAYIT'!I5="","",'ŞİKAYET KAYIT'!I5)),"") | G5: =IFERROR(IF('ŞİKAYET KAYIT'!P5="Kapatıldı","",IF('ŞİKAYET KAYIT'!J5="","",'ŞİKAYET KAYIT'!J5)),"") | H5: =IFERROR(IF('ŞİKAYET KAYIT'!P5="Kapatıldı","",IF('ŞİKAYET KAYIT'!K5="","",'ŞİKAYET KAYIT'!K5)),"") | I5: =IFERROR(IF('ŞİKAYET KAYIT'!P5="Kapatıldı","",IF('ŞİKAYET KAYIT'!L5="","",'ŞİKAYET KAYIT'!L5)),"") | J5: =IFERROR(IF('ŞİKAYET KAYIT'!P5="Kapatıldı","",IF('ŞİKAYET KAYIT'!M5="","",'ŞİKAYET KAYIT'!M5)),"") | K5: =IFERROR(IF('ŞİKAYET KAYIT'!P5="Kapatıldı","",IF('ŞİKAYET KAYIT'!N5="","",'ŞİKAYET KAYIT'!N5)),"") | L5: =IFERROR(IF('ŞİKAYET KAYIT'!P5="Kapatıldı","",IF('ŞİKAYET KAYIT'!O5="","",'ŞİKAYET KAYIT'!O5)),"") | M5: =IFERROR(IF('ŞİKAYET KAYIT'!P5="Kapatıldı","",IF('ŞİKAYET KAYIT'!P5="","",'ŞİKAYET KAYIT'!P5)),"")
A6: =IFERROR(IF('ŞİKAYET KAYIT'!P6="Kapatıldı","",IF('ŞİKAYET KAYIT'!A6="","",'ŞİKAYET KAYIT'!A6)),"") | B6: =IFERROR(IF('ŞİKAYET KAYIT'!P6="Kapatıldı","",IF('ŞİKAYET KAYIT'!B6="","",'ŞİKAYET KAYIT'!B6)),"") | C6: =IFERROR(IF('ŞİKAYET KAYIT'!P6="Kapatıldı","",IF('ŞİKAYET KAYIT'!D6="","",'ŞİKAYET KAYIT'!D6)),"") | D6: =IFERROR(IF('ŞİKAYET KAYIT'!P6="Kapatıldı","",IF('ŞİKAYET KAYIT'!F6="","",'ŞİKAYET KAYIT'!F6)),"") | E6: =IFERROR(IF('ŞİKAYET KAYIT'!P6="Kapatıldı","",IF('ŞİKAYET KAYIT'!H6="","",'ŞİKAYET KAYIT'!H6)),"") | F6: =IFERROR(IF('ŞİKAYET KAYIT'!P6="Kapatıldı","",IF('ŞİKAYET KAYIT'!I6="","",'ŞİKAYET KAYIT'!I6)),"") | G6: =IFERROR(IF('ŞİKAYET KAYIT'!P6="Kapatıldı","",IF('ŞİKAYET KAYIT'!J6="","",'ŞİKAYET KAYIT'!J6)),"") | H6: =IFERROR(IF('ŞİKAYET KAYIT'!P6="Kapatıldı","",IF('ŞİKAYET KAYIT'!K6="","",'ŞİKAYET KAYIT'!K6)),"") | I6: =IFERROR(IF('ŞİKAYET KAYIT'!P6="Kapatıldı","",IF('ŞİKAYET KAYIT'!L6="","",'ŞİKAYET KAYIT'!L6)),"") | J6: =IFERROR(IF('ŞİKAYET KAYIT'!P6="Kapatıldı","",IF('ŞİKAYET KAYIT'!M6="","",'ŞİKAYET KAYIT'!M6)),"") | K6: =IFERROR(IF('ŞİKAYET KAYIT'!P6="Kapatıldı","",IF('ŞİKAYET KAYIT'!N6="","",'ŞİKAYET KAYIT'!N6)),"") | L6: =IFERROR(IF('ŞİKAYET KAYIT'!P6="Kapatıldı","",IF('ŞİKAYET KAYIT'!O6="","",'ŞİKAYET KAYIT'!O6)),"") | M6: =IFERROR(IF('ŞİKAYET KAYIT'!P6="Kapatıldı","",IF('ŞİKAYET KAYIT'!P6="","",'ŞİKAYET KAYIT'!P6)),"")
A7: =IFERROR(IF('ŞİKAYET KAYIT'!P7="Kapatıldı","",IF('ŞİKAYET KAYIT'!A7="","",'ŞİKAYET KAYIT'!A7)),"") | B7: =IFERROR(IF('ŞİKAYET KAYIT'!P7="Kapatıldı","",IF('ŞİKAYET KAYIT'!B7="","",'ŞİKAYET KAYIT'!B7)),"") | C7: =IFERROR(IF('ŞİKAYET KAYIT'!P7="Kapatıldı","",IF('ŞİKAYET KAYIT'!D7="","",'ŞİKAYET KAYIT'!D7)),"") | D7: =IFERROR(IF('ŞİKAYET KAYIT'!P7="Kapatıldı","",IF('ŞİKAYET KAYIT'!F7="","",'ŞİKAYET KAYIT'!F7)),"") | E7: =IFERROR(IF('ŞİKAYET KAYIT'!P7="Kapatıldı","",IF('ŞİKAYET KAYIT'!H7="","",'ŞİKAYET KAYIT'!H7)),"") | F7: =IFERROR(IF('ŞİKAYET KAYIT'!P7="Kapatıldı","",IF('ŞİKAYET KAYIT'!I7="","",'ŞİKAYET KAYIT'!I7)),"") | G7: =IFERROR(IF('ŞİKAYET KAYIT'!P7="Kapatıldı","",IF('ŞİKAYET KAYIT'!J7="","",'ŞİKAYET KAYIT'!J7)),"") | H7: =IFERROR(IF('ŞİKAYET KAYIT'!P7="Kapatıldı","",IF('ŞİKAYET KAYIT'!K7="","",'ŞİKAYET KAYIT'!K7)),"") | I7: =IFERROR(IF('ŞİKAYET KAYIT'!P7="Kapatıldı","",IF('ŞİKAYET KAYIT'!L7="","",'ŞİKAYET KAYIT'!L7)),"") | J7: =IFERROR(IF('ŞİKAYET KAYIT'!P7="Kapatıldı","",IF('ŞİKAYET KAYIT'!M7="","",'ŞİKAYET KAYIT'!M7)),"") | K7: =IFERROR(IF('ŞİKAYET KAYIT'!P7="Kapatıldı","",IF('ŞİKAYET KAYIT'!N7="","",'ŞİKAYET KAYIT'!N7)),"") | L7: =IFERROR(IF('ŞİKAYET KAYIT'!P7="Kapatıldı","",IF('ŞİKAYET KAYIT'!O7="","",'ŞİKAYET KAYIT'!O7)),"") | M7: =IFERROR(IF('ŞİKAYET KAYIT'!P7="Kapatıldı","",IF('ŞİKAYET KAYIT'!P7="","",'ŞİKAYET KAYIT'!P7)),"")
A8: =IFERROR(IF('ŞİKAYET KAYIT'!P8="Kapatıldı","",IF('ŞİKAYET KAYIT'!A8="","",'ŞİKAYET KAYIT'!A8)),"") | B8: =IFERROR(IF('ŞİKAYET KAYIT'!P8="Kapatıldı","",IF('ŞİKAYET KAYIT'!B8="","",'ŞİKAYET KAYIT'!B8)),"") | C8: =IFERROR(IF('ŞİKAYET KAYIT'!P8="Kapatıldı","",IF('ŞİKAYET KAYIT'!D8="","",'ŞİKAYET KAYIT'!D8)),"") | D8: =IFERROR(IF('ŞİKAYET KAYIT'!P8="Kapatıldı","",IF('ŞİKAYET KAYIT'!F8="","",'ŞİKAYET KAYIT'!F8)),"") | E8: =IFERROR(IF('ŞİKAYET KAYIT'!P8="Kapatıldı","",IF('ŞİKAYET KAYIT'!H8="","",'ŞİKAYET KAYIT'!H8)),"") | F8: =IFERROR(IF('ŞİKAYET KAYIT'!P8="Kapatıldı","",IF('ŞİKAYET KAYIT'!I8="","",'ŞİKAYET KAYIT'!I8)),"") | G8: =IFERROR(IF('ŞİKAYET KAYIT'!P8="Kapatıldı","",IF('ŞİKAYET KAYIT'!J8="","",'ŞİKAYET KAYIT'!J8)),"") | H8: =IFERROR(IF('ŞİKAYET KAYIT'!P8="Kapatıldı","",IF('ŞİKAYET KAYIT'!K8="","",'ŞİKAYET KAYIT'!K8)),"") | I8: =IFERROR(IF('ŞİKAYET KAYIT'!P8="Kapatıldı","",IF('ŞİKAYET KAYIT'!L8="","",'ŞİKAYET KAYIT'!L8)),"") | J8: =IFERROR(IF('ŞİKAYET KAYIT'!P8="Kapatıldı","",IF('ŞİKAYET KAYIT'!M8="","",'ŞİKAYET KAYIT'!M8)),"") | K8: =IFERROR(IF('ŞİKAYET KAYIT'!P8="Kapatıldı","",IF('ŞİKAYET KAYIT'!N8="","",'ŞİKAYET KAYIT'!N8)),"") | L8: =IFERROR(IF('ŞİKAYET KAYIT'!P8="Kapatıldı","",IF('ŞİKAYET KAYIT'!O8="","",'ŞİKAYET KAYIT'!O8)),"") | M8: =IFERROR(IF('ŞİKAYET KAYIT'!P8="Kapatıldı","",IF('ŞİKAYET KAYIT'!P8="","",'ŞİKAYET KAYIT'!P8)),"")
A9: =IFERROR(IF('ŞİKAYET KAYIT'!P9="Kapatıldı","",IF('ŞİKAYET KAYIT'!A9="","",'ŞİKAYET KAYIT'!A9)),"") | B9: =IFERROR(IF('ŞİKAYET KAYIT'!P9="Kapatıldı","",IF('ŞİKAYET KAYIT'!B9="","",'ŞİKAYET KAYIT'!B9)),"") | C9: =IFERROR(IF('ŞİKAYET KAYIT'!P9="Kapatıldı","",IF('ŞİKAYET KAYIT'!D9="","",'ŞİKAYET KAYIT'!D9)),"") | D9: =IFERROR(IF('ŞİKAYET KAYIT'!P9="Kapatıldı","",IF('ŞİKAYET KAYIT'!F9="","",'ŞİKAYET KAYIT'!F9)),"") | E9: =IFERROR(IF('ŞİKAYET KAYIT'!P9="Kapatıldı","",IF('ŞİKAYET KAYIT'!H9="","",'ŞİKAYET KAYIT'!H9)),"") | F9: =IFERROR(IF('ŞİKAYET KAYIT'!P9="Kapatıldı","",IF('ŞİKAYET KAYIT'!I9="","",'ŞİKAYET KAYIT'!I9)),"") | G9: =IFERROR(IF('ŞİKAYET KAYIT'!P9="Kapatıldı","",IF('ŞİKAYET KAYIT'!J9="","",'ŞİKAYET KAYIT'!J9)),"") | H9: =IFERROR(IF('ŞİKAYET KAYIT'!P9="Kapatıldı","",IF('ŞİKAYET KAYIT'!K9="","",'ŞİKAYET KAYIT'!K9)),"") | I9: =IFERROR(IF('ŞİKAYET KAYIT'!P9="Kapatıldı","",IF('ŞİKAYET KAYIT'!L9="","",'ŞİKAYET KAYIT'!L9)),"") | J9: =IFERROR(IF('ŞİKAYET KAYIT'!P9="Kapatıldı","",IF('ŞİKAYET KAYIT'!M9="","",'ŞİKAYET KAYIT'!M9)),"") | K9: =IFERROR(IF('ŞİKAYET KAYIT'!P9="Kapatıldı","",IF('ŞİKAYET KAYIT'!N9="","",'ŞİKAYET KAYIT'!N9)),"") | L9: =IFERROR(IF('ŞİKAYET KAYIT'!P9="Kapatıldı","",IF('ŞİKAYET KAYIT'!O9="","",'ŞİKAYET KAYIT'!O9)),"") | M9: =IFERROR(IF('ŞİKAYET KAYIT'!P9="Kapatıldı","",IF('ŞİKAYET KAYIT'!P9="","",'ŞİKAYET KAYIT'!P9)),"")
A10: =IFERROR(IF('ŞİKAYET KAYIT'!P10="Kapatıldı","",IF('ŞİKAYET KAYIT'!A10="","",'ŞİKAYET KAYIT'!A10)),"") | B10: =IFERROR(IF('ŞİKAYET KAYIT'!P10="Kapatıldı","",IF('ŞİKAYET KAYIT'!B10="","",'ŞİKAYET KAYIT'!B10)),"") | C10: =IFERROR(IF('ŞİKAYET KAYIT'!P10="Kapatıldı","",IF('ŞİKAYET KAYIT'!D10="","",'ŞİKAYET KAYIT'!D10)),"") | D10: =IFERROR(IF('ŞİKAYET KAYIT'!P10="Kapatıldı","",IF('ŞİKAYET KAYIT'!F10="","",'ŞİKAYET KAYIT'!F10)),"") | E10: =IFERROR(IF('ŞİKAYET KAYIT'!P10="Kapatıldı","",IF('ŞİKAYET KAYIT'!H10="","",'ŞİKAYET KAYIT'!H10)),"") | F10: =IFERROR(IF('ŞİKAYET KAYIT'!P10="Kapatıldı","",IF('ŞİKAYET KAYIT'!I10="","",'ŞİKAYET KAYIT'!I10)),"") | G10: =IFERROR(IF('ŞİKAYET KAYIT'!P10="Kapatıldı","",IF('ŞİKAYET KAYIT'!J10="","",'ŞİKAYET KAYIT'!J10)),"") | H10: =IFERROR(IF('ŞİKAYET KAYIT'!P10="Kapatıldı","",IF('ŞİKAYET KAYIT'!K10="","",'ŞİKAYET KAYIT'!K10)),"") | I10: =IFERROR(IF('ŞİKAYET KAYIT'!P10="Kapatıldı","",IF('ŞİKAYET KAYIT'!L10="","",'ŞİKAYET KAYIT'!L10)),"") | J10: =IFERROR(IF('ŞİKAYET KAYIT'!P10="Kapatıldı","",IF('ŞİKAYET KAYIT'!M10="","",'ŞİKAYET KAYIT'!M10)),"") | K10: =IFERROR(IF('ŞİKAYET KAYIT'!P10="Kapatıldı","",IF('ŞİKAYET KAYIT'!N10="","",'ŞİKAYET KAYIT'!N10)),"") | L10: =IFERROR(IF('ŞİKAYET KAYIT'!P10="Kapatıldı","",IF('ŞİKAYET KAYIT'!O10="","",'ŞİKAYET KAYIT'!O10)),"") | M10: =IFERROR(IF('ŞİKAYET KAYIT'!P10="Kapatıldı","",IF('ŞİKAYET KAYIT'!P10="","",'ŞİKAYET KAYIT'!P10)),"")
A11: =IFERROR(IF('ŞİKAYET KAYIT'!P11="Kapatıldı","",IF('ŞİKAYET KAYIT'!A11="","",'ŞİKAYET KAYIT'!A11)),"") | B11: =IFERROR(IF('ŞİKAYET KAYIT'!P11="Kapatıldı","",IF('ŞİKAYET KAYIT'!B11="","",'ŞİKAYET KAYIT'!B11)),"") | C11: =IFERROR(IF('ŞİKAYET KAYIT'!P11="Kapatıldı","",IF('ŞİKAYET KAYIT'!D11="","",'ŞİKAYET KAYIT'!D11)),"") | D11: =IFERROR(IF('ŞİKAYET KAYIT'!P11="Kapatıldı","",IF('ŞİKAYET KAYIT'!F11="","",'ŞİKAYET KAYIT'!F11)),"") | E11: =IFERROR(IF('ŞİKAYET KAYIT'!P11="Kapatıldı","",IF('ŞİKAYET KAYIT'!H11="","",'ŞİKAYET KAYIT'!H11)),"") | F11: =IFERROR(IF('ŞİKAYET KAYIT'!P11="Kapatıldı","",IF('ŞİKAYET KAYIT'!I11="","",'ŞİKAYET KAYIT'!I11)),"") | G11: =IFERROR(IF('ŞİKAYET KAYIT'!P11="Kapatıldı","",IF('ŞİKAYET KAYIT'!J11="","",'ŞİKAYET KAYIT'!J11)),"") | H11: =IFERROR(IF('ŞİKAYET KAYIT'!P11="Kapatıldı","",IF('ŞİKAYET KAYIT'!K11="","",'ŞİKAYET KAYIT'!K11)),"") | I11: =IFERROR(IF('ŞİKAYET KAYIT'!P11="Kapatıldı","",IF('ŞİKAYET KAYIT'!L11="","",'ŞİKAYET KAYIT'!L11)),"") | J11: =IFERROR(IF('ŞİKAYET KAYIT'!P11="Kapatıldı","",IF('ŞİKAYET KAYIT'!M11="","",'ŞİKAYET KAYIT'!M11)),"") | K11: =IFERROR(IF('ŞİKAYET KAYIT'!P11="Kapatıldı","",IF('ŞİKAYET KAYIT'!N11="","",'ŞİKAYET KAYIT'!N11)),"") | L11: =IFERROR(IF('ŞİKAYET KAYIT'!P11="Kapatıldı","",IF('ŞİKAYET KAYIT'!O11="","",'ŞİKAYET KAYIT'!O11)),"") | M11: =IFERROR(IF('ŞİKAYET KAYIT'!P11="Kapatıldı","",IF('ŞİKAYET KAYIT'!P11="","",'ŞİKAYET KAYIT'!P11)),"")
A12: =IFERROR(IF('ŞİKAYET KAYIT'!P12="Kapatıldı","",IF('ŞİKAYET KAYIT'!A12="","",'ŞİKAYET KAYIT'!A12)),"") | B12: =IFERROR(IF('ŞİKAYET KAYIT'!P12="Kapatıldı","",IF('ŞİKAYET KAYIT'!B12="","",'ŞİKAYET KAYIT'!B12)),"") | C12: =IFERROR(IF('ŞİKAYET KAYIT'!P12="Kapatıldı","",IF('ŞİKAYET KAYIT'!D12="","",'ŞİKAYET KAYIT'!D12)),"") | D12: =IFERROR(IF('ŞİKAYET KAYIT'!P12="Kapatıldı","",IF('ŞİKAYET KAYIT'!F12="","",'ŞİKAYET KAYIT'!F12)),"") | E12: =IFERROR(IF('ŞİKAYET KAYIT'!P12="Kapatıldı","",IF('ŞİKAYET KAYIT'!H12="","",'ŞİKAYET KAYIT'!H12)),"") | F12: =IFERROR(IF('ŞİKAYET KAYIT'!P12="Kapatıldı","",IF('ŞİKAYET KAYIT'!I12="","",'ŞİKAYET KAYIT'!I12)),"") | G12: =IFERROR(IF('ŞİKAYET KAYIT'!P12="Kapatıldı","",IF('ŞİKAYET KAYIT'!J12="","",'ŞİKAYET KAYIT'!J12)),"") | H12: =IFERROR(IF('ŞİKAYET KAYIT'!P12="Kapatıldı","",IF('ŞİKAYET KAYIT'!K12="","",'ŞİKAYET KAYIT'!K12)),"") | I12: =IFERROR(IF('ŞİKAYET KAYIT'!P12="Kapatıldı","",IF('ŞİKAYET KAYIT'!L12="","",'ŞİKAYET KAYIT'!L12)),"") | J12: =IFERROR(IF('ŞİKAYET KAYIT'!P12="Kapatıldı","",IF('ŞİKAYET KAYIT'!M12="","",'ŞİKAYET KAYIT'!M12)),"") | K12: =IFERROR(IF('ŞİKAYET KAYIT'!P12="Kapatıldı","",IF('ŞİKAYET KAYIT'!N12="","",'ŞİKAYET KAYIT'!N12)),"") | L12: =IFERROR(IF('ŞİKAYET KAYIT'!P12="Kapatıldı","",IF('ŞİKAYET KAYIT'!O12="","",'ŞİKAYET KAYIT'!O12)),"") | M12: =IFERROR(IF('ŞİKAYET KAYIT'!P12="Kapatıldı","",IF('ŞİKAYET KAYIT'!P12="","",'ŞİKAYET KAYIT'!P12)),"")
A13: =IFERROR(IF('ŞİKAYET KAYIT'!P13="Kapatıldı","",IF('ŞİKAYET KAYIT'!A13="","",'ŞİKAYET KAYIT'!A13)),"") | B13: =IFERROR(IF('ŞİKAYET KAYIT'!P13="Kapatıldı","",IF('ŞİKAYET KAYIT'!B13="","",'ŞİKAYET KAYIT'!B13)),"") | C13: =IFERROR(IF('ŞİKAYET KAYIT'!P13="Kapatıldı","",IF('ŞİKAYET KAYIT'!D13="","",'ŞİKAYET KAYIT'!D13)),"") | D13: =IFERROR(IF('ŞİKAYET KAYIT'!P13="Kapatıldı","",IF('ŞİKAYET KAYIT'!F13="","",'ŞİKAYET KAYIT'!F13)),"") | E13: =IFERROR(IF('ŞİKAYET KAYIT'!P13="Kapatıldı","",IF('ŞİKAYET KAYIT'!H13="","",'ŞİKAYET KAYIT'!H13)),"") | F13: =IFERROR(IF('ŞİKAYET KAYIT'!P13="Kapatıldı","",IF('ŞİKAYET KAYIT'!I13="","",'ŞİKAYET KAYIT'!I13)),"") | G13: =IFERROR(IF('ŞİKAYET KAYIT'!P13="Kapatıldı","",IF('ŞİKAYET KAYIT'!J13="","",'ŞİKAYET KAYIT'!J13)),"") | H13: =IFERROR(IF('ŞİKAYET KAYIT'!P13="Kapatıldı","",IF('ŞİKAYET KAYIT'!K13="","",'ŞİKAYET KAYIT'!K13)),"") | I13: =IFERROR(IF('ŞİKAYET KAYIT'!P13="Kapatıldı","",IF('ŞİKAYET KAYIT'!L13="","",'ŞİKAYET KAYIT'!L13)),"") | J13: =IFERROR(IF('ŞİKAYET KAYIT'!P13="Kapatıldı","",IF('ŞİKAYET KAYIT'!M13="","",'ŞİKAYET KAYIT'!M13)),"") | K13: =IFERROR(IF('ŞİKAYET KAYIT'!P13="Kapatıldı","",IF('ŞİKAYET KAYIT'!N13="","",'ŞİKAYET KAYIT'!N13)),"") | L13: =IFERROR(IF('ŞİKAYET KAYIT'!P13="Kapatıldı","",IF('ŞİKAYET KAYIT'!O13="","",'ŞİKAYET KAYIT'!O13)),"") | M13: =IFERROR(IF('ŞİKAYET KAYIT'!P13="Kapatıldı","",IF('ŞİKAYET KAYIT'!P13="","",'ŞİKAYET KAYIT'!P13)),"")
A14: =IFERROR(IF('ŞİKAYET KAYIT'!P14="Kapatıldı","",IF('ŞİKAYET KAYIT'!A14="","",'ŞİKAYET KAYIT'!A14)),"") | B14: =IFERROR(IF('ŞİKAYET KAYIT'!P14="Kapatıldı","",IF('ŞİKAYET KAYIT'!B14="","",'ŞİKAYET KAYIT'!B14)),"") | C14: =IFERROR(IF('ŞİKAYET KAYIT'!P14="Kapatıldı","",IF('ŞİKAYET KAYIT'!D14="","",'ŞİKAYET KAYIT'!D14)),"") | D14: =IFERROR(IF('ŞİKAYET KAYIT'!P14="Kapatıldı","",IF('ŞİKAYET KAYIT'!F14="","",'ŞİKAYET KAYIT'!F14)),"") | E14: =IFERROR(IF('ŞİKAYET KAYIT'!P14="Kapatıldı","",IF('ŞİKAYET KAYIT'!H14="","",'ŞİKAYET KAYIT'!H14)),"") | F14: =IFERROR(IF('ŞİKAYET KAYIT'!P14="Kapatıldı","",IF('ŞİKAYET KAYIT'!I14="","",'ŞİKAYET KAYIT'!I14)),"") | G14: =IFERROR(IF('ŞİKAYET KAYIT'!P14="Kapatıldı","",IF('ŞİKAYET KAYIT'!J14="","",'ŞİKAYET KAYIT'!J14)),"") | H14: =IFERROR(IF('ŞİKAYET KAYIT'!P14="Kapatıldı","",IF('ŞİKAYET KAYIT'!K14="","",'ŞİKAYET KAYIT'!K14)),"") | I14: =IFERROR(IF('ŞİKAYET KAYIT'!P14="Kapatıldı","",IF('ŞİKAYET KAYIT'!L14="","",'ŞİKAYET KAYIT'!L14)),"") | J14: =IFERROR(IF('ŞİKAYET KAYIT'!P14="Kapatıldı","",IF('ŞİKAYET KAYIT'!M14="","",'ŞİKAYET KAYIT'!M14)),"") | K14: =IFERROR(IF('ŞİKAYET KAYIT'!P14="Kapatıldı","",IF('ŞİKAYET KAYIT'!N14="","",'ŞİKAYET KAYIT'!N14)),"") | L14: =IFERROR(IF('ŞİKAYET KAYIT'!P14="Kapatıldı","",IF('ŞİKAYET KAYIT'!O14="","",'ŞİKAYET KAYIT'!O14)),"") | M14: =IFERROR(IF('ŞİKAYET KAYIT'!P14="Kapatıldı","",IF('ŞİKAYET KAYIT'!P14="","",'ŞİKAYET KAYIT'!P14)),"")
A15: =IFERROR(IF('ŞİKAYET KAYIT'!P15="Kapatıldı","",IF('ŞİKAYET KAYIT'!A15="","",'ŞİKAYET KAYIT'!A15)),"") | B15: =IFERROR(IF('ŞİKAYET KAYIT'!P15="Kapatıldı","",IF('ŞİKAYET KAYIT'!B15="","",'ŞİKAYET KAYIT'!B15)),"") | C15: =IFERROR(IF('ŞİKAYET KAYIT'!P15="Kapatıldı","",IF('ŞİKAYET KAYIT'!D15="","",'ŞİKAYET KAYIT'!D15)),"") | D15: =IFERROR(IF('ŞİKAYET KAYIT'!P15="Kapatıldı","",IF('ŞİKAYET KAYIT'!F15="","",'ŞİKAYET KAYIT'!F15)),"") | E15: =IFERROR(IF('ŞİKAYET KAYIT'!P15="Kapatıldı","",IF('ŞİKAYET KAYIT'!H15="","",'ŞİKAYET KAYIT'!H15)),"") | F15: =IFERROR(IF('ŞİKAYET KAYIT'!P15="Kapatıldı","",IF('ŞİKAYET KAYIT'!I15="","",'ŞİKAYET KAYIT'!I15)),"") | G15: =IFERROR(IF('ŞİKAYET KAYIT'!P15="Kapatıldı","",IF('ŞİKAYET KAYIT'!J15="","",'ŞİKAYET KAYIT'!J15)),"") | H15: =IFERROR(IF('ŞİKAYET KAYIT'!P15="Kapatıldı","",IF('ŞİKAYET KAYIT'!K15="","",'ŞİKAYET KAYIT'!K15)),"") | I15: =IFERROR(IF('ŞİKAYET KAYIT'!P15="Kapatıldı","",IF('ŞİKAYET KAYIT'!L15="","",'ŞİKAYET KAYIT'!L15)),"") | J15: =IFERROR(IF('ŞİKAYET KAYIT'!P15="Kapatıldı","",IF('ŞİKAYET KAYIT'!M15="","",'ŞİKAYET KAYIT'!M15)),"") | K15: =IFERROR(IF('ŞİKAYET KAYIT'!P15="Kapatıldı","",IF('ŞİKAYET KAYIT'!N15="","",'ŞİKAYET KAYIT'!N15)),"") | L15: =IFERROR(IF('ŞİKAYET KAYIT'!P15="Kapatıldı","",IF('ŞİKAYET KAYIT'!O15="","",'ŞİKAYET KAYIT'!O15)),"") | M15: =IFERROR(IF('ŞİKAYET KAYIT'!P15="Kapatıldı","",IF('ŞİKAYET KAYIT'!P15="","",'ŞİKAYET KAYIT'!P15)),"")
... A503: =IFERROR(IF('ŞİKAYET KAYIT'!P503="Kapatıldı","",IF('ŞİKAYET KAYIT'!A503="","",'ŞİKAYET KAYIT'!A503)),"") | B503: =IFERROR(IF('ŞİKAYET KAYIT'!P503="Kapatıldı","",IF('ŞİKAYET KAYIT'!B503="","",'ŞİKAYET KAYIT'!B503)),"") | C503: =IFERROR(IF('ŞİKAYET KAYIT'!P503="Kapatıldı","",IF('ŞİKAYET KAYIT'!D503="","",'ŞİKAYET KAYIT'!D503)),"") | D503: =IFERROR(IF('ŞİKAYET KAYIT'!P503="Kapatıldı","",IF('ŞİKAYET KAYIT'!F503="","",'ŞİKAYET KAYIT'!F503)),"") | E503: =IFERROR(IF('ŞİKAYET KAYIT'!P503="Kapatıldı","",IF('ŞİKAYET KAYIT'!H503="","",'ŞİKAYET KAYIT'!H503)),"") | F503: =IFERROR(IF('ŞİKAYET KAYIT'!P503="Kapatıldı","",IF('ŞİKAYET KAYIT'!I503="","",'ŞİKAYET KAYIT'!I503)),"") | G503: =IFERROR(IF('ŞİKAYET KAYIT'!P503="Kapatıldı","",IF('ŞİKAYET KAYIT'!J503="","",'ŞİKAYET KAYIT'!J503)),"") | H503: =IFERROR(IF('ŞİKAYET KAYIT'!P503="Kapatıldı","",IF('ŞİKAYET KAYIT'!K503="","",'ŞİKAYET KAYIT'!K503)),"") | I503: =IFERROR(IF('ŞİKAYET KAYIT'!P503="Kapatıldı","",IF('ŞİKAYET KAYIT'!L503="","",'ŞİKAYET KAYIT'!L503)),"") | J503: =IFERROR(IF('ŞİKAYET KAYIT'!P503="Kapatıldı","",IF('ŞİKAYET KAYIT'!M503="","",'ŞİKAYET KAYIT'!M503)),"") | K503: =IFERROR(IF('ŞİKAYET KAYIT'!P503="Kapatıldı","",IF('ŞİKAYET KAYIT'!N503="","",'ŞİKAYET KAYIT'!N503)),"") | L503: =IFERROR(IF('ŞİKAYET KAYIT'!P503="Kapatıldı","",IF('ŞİKAYET KAYIT'!O503="","",'ŞİKAYET KAYIT'!O503)),"") | M503: =IFERROR(IF('ŞİKAYET KAYIT'!P503="Kapatıldı","",IF('ŞİKAYET KAYIT'!P503="","",'ŞİKAYET KAYIT'!P503)),"")

Sheet KAPALI İŞLER
A1: KAPALI İŞLER — Tamamlanan Şikayetler Arşivi
A2: Durum 'Kapatıldı' olan kayıtlar buraya otomatik yansır. Onaylayan kişiyi seçiniz.
A3: Şikayet No | B3: Tarih | C3: Arayan | D3: Mahalle | E3: Şikayet Türü | F3: Müdürlük | G3: Plaka | H3: Şoför | I3: Şoför Tel. | J3: Personel | K3: Öncelik | L3: Kapanış Tarihi | M3: Çözüm Notu | N3: Onaylayan
A4: =IFERROR(IF('ŞİKAYET KAYIT'!P4="Kapatıldı",'ŞİKAYET KAYIT'!A4,""),"") | B4: =IFERROR(IF('ŞİKAYET KAYIT'!P4="Kapatıldı",'ŞİKAYET KAYIT'!B4,""),"") | C4: =IFERROR(IF('ŞİKAYET KAYIT'!P4="Kapatıldı",'ŞİKAYET KAYIT'!D4,""),"") | D4: =IFERROR(IF('ŞİKAYET KAYIT'!P4="Kapatıldı",'ŞİKAYET KAYIT'!F4,""),"") | E4: =IFERROR(IF('ŞİKAYET KAYIT'!P4="Kapatıldı",'ŞİKAYET KAYIT'!H4,""),"") | F4: =IFERROR(IF('ŞİKAYET KAYIT'!P4="Kapatıldı",'ŞİKAYET KAYIT'!J4,""),"") | G4: =IFERROR(IF('ŞİKAYET KAYIT'!P4="Kapatıldı",'ŞİKAYET KAYIT'!K4,""),"") | H4: =IFERROR(IF('ŞİKAYET KAYIT'!P4="Kapatıldı",'ŞİKAYET KAYIT'!L4,""),"") | I4: =IFERROR(IF('ŞİKAYET KAYIT'!P4="Kapatıldı",'ŞİKAYET KAYIT'!M4,""),"") | J4: =IFERROR(IF('ŞİKAYET KAYIT'!P4="Kapatıldı",'ŞİKAYET KAYIT'!N4,""),"") | K4: =IFERROR(IF('ŞİKAYET KAYIT'!P4="Kapatıldı",'ŞİKAYET KAYIT'!O4,""),"") | L4: =IFERROR(IF('ŞİKAYET KAYIT'!P4="Kapatıldı",'ŞİKAYET KAYIT'!Q4,""),"") | M4: =IFERROR(IF('ŞİKAYET KAYIT'!P4="Kapatıldı",'ŞİKAYET KAYIT'!R4,""),"")
A5: =IFERROR(IF('ŞİKAYET KAYIT'!P5="Kapatıldı",'ŞİKAYET KAYIT'!A5,""),"") | B5: =IFERROR(IF('ŞİKAYET KAYIT'!P5="Kapatıldı",'ŞİKAYET KAYIT'!B5,""),"") | C5: =IFERROR(IF('ŞİKAYET KAYIT'!P5="Kapatıldı",'ŞİKAYET KAYIT'!D5,""),"") | D5: =IFERROR(IF('ŞİKAYET KAYIT'!P5="Kapatıldı",'ŞİKAYET KAYIT'!F5,""),"") | E5: =IFERROR(IF('ŞİKAYET KAYIT'!P5="Kapatıldı",'ŞİKAYET KAYIT'!H5,""),"") | F5: =IFERROR(IF('ŞİKAYET KAYIT'!P5="Kapatıldı",'ŞİKAYET KAYIT'!J5,""),"") | G5: =IFERROR(IF('ŞİKAYET KAYIT'!P5="Kapatıldı",'ŞİKAYET KAYIT'!K5,""),"") | H5: =IFERROR(IF('ŞİKAYET KAYIT'!P5="Kapatıldı",'ŞİKAYET KAYIT'!L5,""),"") | I5: =IFERROR(IF('ŞİKAYET KAYIT'!P5="Kapatıldı",'ŞİKAYET KAYIT'!M5,""),"") | J5: =IFERROR(IF('ŞİKAYET KAYIT'!P5="Kapatıldı",'ŞİKAYET KAYIT'!N5,""),"") | K5: =IFERROR(IF('ŞİKAYET KAYIT'!P5="Kapatıldı",'ŞİKAYET KAYIT'!O5,""),"") | L5: =IFERROR(IF('ŞİKAYET KAYIT'!P5="Kapatıldı",'ŞİKAYET KAYIT'!Q5,""),"") | M5: =IFERROR(IF('ŞİKAYET KAYIT'!P5="Kapatıldı",'ŞİKAYET KAYIT'!R5,""),"")
A6: =IFERROR(IF('ŞİKAYET KAYIT'!P6="Kapatıldı",'ŞİKAYET KAYIT'!A6,""),"") | B6: =IFERROR(IF('ŞİKAYET KAYIT'!P6="Kapatıldı",'ŞİKAYET KAYIT'!B6,""),"") | C6: =IFERROR(IF('ŞİKAYET KAYIT'!P6="Kapatıldı",'ŞİKAYET KAYIT'!D6,""),"") | D6: =IFERROR(IF('ŞİKAYET KAYIT'!P6="Kapatıldı",'ŞİKAYET KAYIT'!F6,""),"") | E6: =IFERROR(IF('ŞİKAYET KAYIT'!P6="Kapatıldı",'ŞİKAYET KAYIT'!H6,""),"") | F6: =IFERROR(IF('ŞİKAYET KAYIT'!P6="Kapatıldı",'ŞİKAYET KAYIT'!J6,""),"") | G6: =IFERROR(IF('ŞİKAYET KAYIT'!P6="Kapatıldı",'ŞİKAYET KAYIT'!K6,""),"") | H6: =IFERROR(IF('ŞİKAYET KAYIT'!P6="Kapatıldı",'ŞİKAYET KAYIT'!L6,""),"") | I6: =IFERROR(IF('ŞİKAYET KAYIT'!P6="Kapatıldı",'ŞİKAYET KAYIT'!M6,""),"") | J6: =IFERROR(IF('ŞİKAYET KAYIT'!P6="Kapatıldı",'ŞİKAYET KAYIT'!N6,""),"") | K6: =IFERROR(IF('ŞİKAYET KAYIT'!P6="Kapatıldı",'ŞİKAYET KAYIT'!O6,""),"") | L6: =IFERROR(IF('ŞİKAYET KAYIT'!P6="Kapatıldı",'ŞİKAYET KAYIT'!Q6,""),"") | M6: =IFERROR(IF('ŞİKAYET KAYIT'!P6="Kapatıldı",'ŞİKAYET KAYIT'!R6,""),"")
A7: =IFERROR(IF('ŞİKAYET KAYIT'!P7="Kapatıldı",'ŞİKAYET KAYIT'!A7,""),"") | B7: =IFERROR(IF('ŞİKAYET KAYIT'!P7="Kapatıldı",'ŞİKAYET KAYIT'!B7,""),"") | C7: =IFERROR(IF('ŞİKAYET KAYIT'!P7="Kapatıldı",'ŞİKAYET KAYIT'!D7,""),"") | D7: =IFERROR(IF('ŞİKAYET KAYIT'!P7="Kapatıldı",'ŞİKAYET KAYIT'!F7,""),"") | E7: =IFERROR(IF('ŞİKAYET KAYIT'!P7="Kapatıldı",'ŞİKAYET KAYIT'!H7,""),"") | F7: =IFERROR(IF('ŞİKAYET KAYIT'!P7="Kapatıldı",'ŞİKAYET KAYIT'!J7,""),"") | G7: =IFERROR(IF('ŞİKAYET KAYIT'!P7="Kapatıldı",'ŞİKAYET KAYIT'!K7,""),"") | H7: =IFERROR(IF('ŞİKAYET KAYIT'!P7="Kapatıldı",'ŞİKAYET KAYIT'!L7,""),"") | I7: =IFERROR(IF('ŞİKAYET KAYIT'!P7="Kapatıldı",'ŞİKAYET KAYIT'!M7,""),"") | J7: =IFERROR(IF('ŞİKAYET KAYIT'!P7="Kapatıldı",'ŞİKAYET KAYIT'!N7,""),"") | K7: =IFERROR(IF('ŞİKAYET KAYIT'!P7="Kapatıldı",'ŞİKAYET KAYIT'!O7,""),"") | L7: =IFERROR(IF('ŞİKAYET KAYIT'!P7="Kapatıldı",'ŞİKAYET KAYIT'!Q7,""),"") | M7: =IFERROR(IF('ŞİKAYET KAYIT'!P7="Kapatıldı",'ŞİKAYET KAYIT'!R7,""),"")
A8: =IFERROR(IF('ŞİKAYET KAYIT'!P8="Kapatıldı",'ŞİKAYET KAYIT'!A8,""),"") | B8: =IFERROR(IF('ŞİKAYET KAYIT'!P8="Kapatıldı",'ŞİKAYET KAYIT'!B8,""),"") | C8: =IFERROR(IF('ŞİKAYET KAYIT'!P8="Kapatıldı",'ŞİKAYET KAYIT'!D8,""),"") | D8: =IFERROR(IF('ŞİKAYET KAYIT'!P8="Kapatıldı",'ŞİKAYET KAYIT'!F8,""),"") | E8: =IFERROR(IF('ŞİKAYET KAYIT'!P8="Kapatıldı",'ŞİKAYET KAYIT'!H8,""),"") | F8: =IFERROR(IF('ŞİKAYET KAYIT'!P8="Kapatıldı",'ŞİKAYET KAYIT'!J8,""),"") | G8: =IFERROR(IF('ŞİKAYET KAYIT'!P8="Kapatıldı",'ŞİKAYET KAYIT'!K8,""),"") | H8: =IFERROR(IF('ŞİKAYET KAYIT'!P8="Kapatıldı",'ŞİKAYET KAYIT'!L8,""),"") | I8: =IFERROR(IF('ŞİKAYET KAYIT'!P8="Kapatıldı",'ŞİKAYET KAYIT'!M8,""),"") | J8: =IFERROR(IF('ŞİKAYET KAYIT'!P8="Kapatıldı",'ŞİKAYET KAYIT'!N8,""),"") | K8: =IFERROR(IF('ŞİKAYET KAYIT'!P8="Kapatıldı",'ŞİKAYET KAYIT'!O8,""),"") | L8: =IFERROR(IF('ŞİKAYET KAYIT'!P8="Kapatıldı",'ŞİKAYET KAYIT'!Q8,""),"") | M8: =IFERROR(IF('ŞİKAYET KAYIT'!P8="Kapatıldı",'ŞİKAYET KAYIT'!R8,""),"")
A9: =IFERROR(IF('ŞİKAYET KAYIT'!P9="Kapatıldı",'ŞİKAYET KAYIT'!A9,""),"") | B9: =IFERROR(IF('ŞİKAYET KAYIT'!P9="Kapatıldı",'ŞİKAYET KAYIT'!B9,""),"") | C9: =IFERROR(IF('ŞİKAYET KAYIT'!P9="Kapatıldı",'ŞİKAYET KAYIT'!D9,""),"") | D9: =IFERROR(IF('ŞİKAYET KAYIT'!P9="Kapatıldı",'ŞİKAYET KAYIT'!F9,""),"") | E9: =IFERROR(IF('ŞİKAYET KAYIT'!P9="Kapatıldı",'ŞİKAYET KAYIT'!H9,""),"") | F9: =IFERROR(IF('ŞİKAYET KAYIT'!P9="Kapatıldı",'ŞİKAYET KAYIT'!J9,""),"") | G9: =IFERROR(IF('ŞİKAYET KAYIT'!P9="Kapatıldı",'ŞİKAYET KAYIT'!K9,""),"") | H9: =IFERROR(IF('ŞİKAYET KAYIT'!P9="Kapatıldı",'ŞİKAYET KAYIT'!L9,""),"") | I9: =IFERROR(IF('ŞİKAYET KAYIT'!P9="Kapatıldı",'ŞİKAYET KAYIT'!M9,""),"") | J9: =IFERROR(IF('ŞİKAYET KAYIT'!P9="Kapatıldı",'ŞİKAYET KAYIT'!N9,""),"") | K9: =IFERROR(IF('ŞİKAYET KAYIT'!P9="Kapatıldı",'ŞİKAYET KAYIT'!O9,""),"") | L9: =IFERROR(IF('ŞİKAYET KAYIT'!P9="Kapatıldı",'ŞİKAYET KAYIT'!Q9,""),"") | M9: =IFERROR(IF('ŞİKAYET KAYIT'!P9="Kapatıldı",'ŞİKAYET KAYIT'!R9,""),"")
A10: =IFERROR(IF('ŞİKAYET KAYIT'!P10="Kapatıldı",'ŞİKAYET KAYIT'!A10,""),"") | B10: =IFERROR(IF('ŞİKAYET KAYIT'!P10="Kapatıldı",'ŞİKAYET KAYIT'!B10,""),"") | C10: =IFERROR(IF('ŞİKAYET KAYIT'!P10="Kapatıldı",'ŞİKAYET KAYIT'!D10,""),"") | D10: =IFERROR(IF('ŞİKAYET KAYIT'!P10="Kapatıldı",'ŞİKAYET KAYIT'!F10,""),"") | E10: =IFERROR(IF('ŞİKAYET KAYIT'!P10="Kapatıldı",'ŞİKAYET KAYIT'!H10,""),"") | F10: =IFERROR(IF('ŞİKAYET KAYIT'!P10="Kapatıldı",'ŞİKAYET KAYIT'!J10,""),"") | G10: =IFERROR(IF('ŞİKAYET KAYIT'!P10="Kapatıldı",'ŞİKAYET KAYIT'!K10,""),"") | H10: =IFERROR(IF('ŞİKAYET KAYIT'!P10="Kapatıldı",'ŞİKAYET KAYIT'!L10,""),"") | I10: =IFERROR(IF('ŞİKAYET KAYIT'!P10="Kapatıldı",'ŞİKAYET KAYIT'!M10,""),"") | J10: =IFERROR(IF('ŞİKAYET KAYIT'!P10="Kapatıldı",'ŞİKAYET KAYIT'!N10,""),"") | K10: =IFERROR(IF('ŞİKAYET KAYIT'!P10="Kapatıldı",'ŞİKAYET KAYIT'!O10,""),"") | L10: =IFERROR(IF('ŞİKAYET KAYIT'!P10="Kapatıldı",'ŞİKAYET KAYIT'!Q10,""),"") | M10: =IFERROR(IF('ŞİKAYET KAYIT'!P10="Kapatıldı",'ŞİKAYET KAYIT'!R10,""),"")
A11: =IFERROR(IF('ŞİKAYET KAYIT'!P11="Kapatıldı",'ŞİKAYET KAYIT'!A11,""),"") | B11: =IFERROR(IF('ŞİKAYET KAYIT'!P11="Kapatıldı",'ŞİKAYET KAYIT'!B11,""),"") | C11: =IFERROR(IF('ŞİKAYET KAYIT'!P11="Kapatıldı",'ŞİKAYET KAYIT'!D11,""),"") | D11: =IFERROR(IF('ŞİKAYET KAYIT'!P11="Kapatıldı",'ŞİKAYET KAYIT'!F11,""),"") | E11: =IFERROR(IF('ŞİKAYET KAYIT'!P11="Kapatıldı",'ŞİKAYET KAYIT'!H11,""),"") | F11: =IFERROR(IF('ŞİKAYET KAYIT'!P11="Kapatıldı",'ŞİKAYET KAYIT'!J11,""),"") | G11: =IFERROR(IF('ŞİKAYET KAYIT'!P11="Kapatıldı",'ŞİKAYET KAYIT'!K11,""),"") | H11: =IFERROR(IF('ŞİKAYET KAYIT'!P11="Kapatıldı",'ŞİKAYET KAYIT'!L11,""),"") | I11: =IFERROR(IF('ŞİKAYET KAYIT'!P11="Kapatıldı",'ŞİKAYET KAYIT'!M11,""),"") | J11: =IFERROR(IF('ŞİKAYET KAYIT'!P11="Kapatıldı",'ŞİKAYET KAYIT'!N11,""),"") | K11: =IFERROR(IF('ŞİKAYET KAYIT'!P11="Kapatıldı",'ŞİKAYET KAYIT'!O11,""),"") | L11: =IFERROR(IF('ŞİKAYET KAYIT'!P11="Kapatıldı",'ŞİKAYET KAYIT'!Q11,""),"") | M11: =IFERROR(IF('ŞİKAYET KAYIT'!P11="Kapatıldı",'ŞİKAYET KAYIT'!R11,""),"")
A12: =IFERROR(IF('ŞİKAYET KAYIT'!P12="Kapatıldı",'ŞİKAYET KAYIT'!A12,""),"") | B12: =IFERROR(IF('ŞİKAYET KAYIT'!P12="Kapatıldı",'ŞİKAYET KAYIT'!B12,""),"") | C12: =IFERROR(IF('ŞİKAYET KAYIT'!P12="Kapatıldı",'ŞİKAYET KAYIT'!D12,""),"") | D12: =IFERROR(IF('ŞİKAYET KAYIT'!P12="Kapatıldı",'ŞİKAYET KAYIT'!F12,""),"") | E12: =IFERROR(IF('ŞİKAYET KAYIT'!P12="Kapatıldı",'ŞİKAYET KAYIT'!H12,""),"") | F12: =IFERROR(IF('ŞİKAYET KAYIT'!P12="Kapatıldı",'ŞİKAYET KAYIT'!J12,""),"") | G12: =IFERROR(IF('ŞİKAYET KAYIT'!P12="Kapatıldı",'ŞİKAYET KAYIT'!K12,""),"") | H12: =IFERROR(IF('ŞİKAYET KAYIT'!P12="Kapatıldı",'ŞİKAYET KAYIT'!L12,""),"") | I12: =IFERROR(IF('ŞİKAYET KAYIT'!P12="Kapatıldı",'ŞİKAYET KAYIT'!M12,""),"") | J12: =IFERROR(IF('ŞİKAYET KAYIT'!P12="Kapatıldı",'ŞİKAYET KAYIT'!N12,""),"") | K12: =IFERROR(IF('ŞİKAYET KAYIT'!P12="Kapatıldı",'ŞİKAYET KAYIT'!O12,""),"") | L12: =IFERROR(IF('ŞİKAYET KAYIT'!P12="Kapatıldı",'ŞİKAYET KAYIT'!Q12,""),"") | M12: =IFERROR(IF('ŞİKAYET KAYIT'!P12="Kapatıldı",'ŞİKAYET KAYIT'!R12,""),"")
A13: =IFERROR(IF('ŞİKAYET KAYIT'!P13="Kapatıldı",'ŞİKAYET KAYIT'!A13,""),"") | B13: =IFERROR(IF('ŞİKAYET KAYIT'!P13="Kapatıldı",'ŞİKAYET KAYIT'!B13,""),"") | C13: =IFERROR(IF('ŞİKAYET KAYIT'!P13="Kapatıldı",'ŞİKAYET KAYIT'!D13,""),"") | D13: =IFERROR(IF('ŞİKAYET KAYIT'!P13="Kapatıldı",'ŞİKAYET KAYIT'!F13,""),"") | E13: =IFERROR(IF('ŞİKAYET KAYIT'!P13="Kapatıldı",'ŞİKAYET KAYIT'!H13,""),"") | F13: =IFERROR(IF('ŞİKAYET KAYIT'!P13="Kapatıldı",'ŞİKAYET KAYIT'!J13,""),"") | G13: =IFERROR(IF('ŞİKAYET KAYIT'!P13="Kapatıldı",'ŞİKAYET KAYIT'!K13,""),"") | H13: =IFERROR(IF('ŞİKAYET KAYIT'!P13="Kapatıldı",'ŞİKAYET KAYIT'!L13,""),"") | I13: =IFERROR(IF('ŞİKAYET KAYIT'!P13="Kapatıldı",'ŞİKAYET KAYIT'!M13,""),"") | J13: =IFERROR(IF('ŞİKAYET KAYIT'!P13="Kapatıldı",'ŞİKAYET KAYIT'!N13,""),"") | K13: =IFERROR(IF('ŞİKAYET KAYIT'!P13="Kapatıldı",'ŞİKAYET KAYIT'!O13,""),"") | L13: =IFERROR(IF('ŞİKAYET KAYIT'!P13="Kapatıldı",'ŞİKAYET KAYIT'!Q13,""),"") | M13: =IFERROR(IF('ŞİKAYET KAYIT'!P13="Kapatıldı",'ŞİKAYET KAYIT'!R13,""),"")
A14: =IFERROR(IF('ŞİKAYET KAYIT'!P14="Kapatıldı",'ŞİKAYET KAYIT'!A14,""),"") | B14: =IFERROR(IF('ŞİKAYET KAYIT'!P14="Kapatıldı",'ŞİKAYET KAYIT'!B14,""),"") | C14: =IFERROR(IF('ŞİKAYET KAYIT'!P14="Kapatıldı",'ŞİKAYET KAYIT'!D14,""),"") | D14: =IFERROR(IF('ŞİKAYET KAYIT'!P14="Kapatıldı",'ŞİKAYET KAYIT'!F14,""),"") | E14: =IFERROR(IF('ŞİKAYET KAYIT'!P14="Kapatıldı",'ŞİKAYET KAYIT'!H14,""),"") | F14: =IFERROR(IF('ŞİKAYET KAYIT'!P14="Kapatıldı",'ŞİKAYET KAYIT'!J14,""),"") | G14: =IFERROR(IF('ŞİKAYET KAYIT'!P14="Kapatıldı",'ŞİKAYET KAYIT'!K14,""),"") | H14: =IFERROR(IF('ŞİKAYET KAYIT'!P14="Kapatıldı",'ŞİKAYET KAYIT'!L14,""),"") | I14: =IFERROR(IF('ŞİKAYET KAYIT'!P14="Kapatıldı",'ŞİKAYET KAYIT'!M14,""),"") | J14: =IFERROR(IF('ŞİKAYET KAYIT'!P14="Kapatıldı",'ŞİKAYET KAYIT'!N14,""),"") | K14: =IFERROR(IF('ŞİKAYET KAYIT'!P14="Kapatıldı",'ŞİKAYET KAYIT'!O14,""),"") | L14: =IFERROR(IF('ŞİKAYET KAYIT'!P14="Kapatıldı",'ŞİKAYET KAYIT'!Q14,""),"") | M14: =IFERROR(IF('ŞİKAYET KAYIT'!P14="Kapatıldı",'ŞİKAYET KAYIT'!R14,""),"")
A15: =IFERROR(IF('ŞİKAYET KAYIT'!P15="Kapatıldı",'ŞİKAYET KAYIT'!A15,""),"") | B15: =IFERROR(IF('ŞİKAYET KAYIT'!P15="Kapatıldı",'ŞİKAYET KAYIT'!B15,""),"") | C15: =IFERROR(IF('ŞİKAYET KAYIT'!P15="Kapatıldı",'ŞİKAYET KAYIT'!D15,""),"") | D15: =IFERROR(IF('ŞİKAYET KAYIT'!P15="Kapatıldı",'ŞİKAYET KAYIT'!F15,""),"") | E15: =IFERROR(IF('ŞİKAYET KAYIT'!P15="Kapatıldı",'ŞİKAYET KAYIT'!H15,""),"") | F15: =IFERROR(IF('ŞİKAYET KAYIT'!P15="Kapatıldı",'ŞİKAYET KAYIT'!J15,""),"") | G15: =IFERROR(IF('ŞİKAYET KAYIT'!P15="Kapatıldı",'ŞİKAYET KAYIT'!K15,""),"") | H15: =IFERROR(IF('ŞİKAYET KAYIT'!P15="Kapatıldı",'ŞİKAYET KAYIT'!L15,""),"") | I15: =IFERROR(IF('ŞİKAYET KAYIT'!P15="Kapatıldı",'ŞİKAYET KAYIT'!M15,""),"") | J15: =IFERROR(IF('ŞİKAYET KAYIT'!P15="Kapatıldı",'ŞİKAYET KAYIT'!N15,""),"") | K15: =IFERROR(IF('ŞİKAYET KAYIT'!P15="Kapatıldı",'ŞİKAYET KAYIT'!O15,""),"") | L15: =IFERROR(IF('ŞİKAYET KAYIT'!P15="Kapatıldı",'ŞİKAYET KAYIT'!Q15,""),"") | M15: =IFERROR(IF('ŞİKAYET KAYIT'!P15="Kapatıldı",'ŞİKAYET KAYIT'!R15,""),"")
... A503: =IFERROR(IF('ŞİKAYET KAYIT'!P503="Kapatıldı",'ŞİKAYET KAYIT'!A503,""),"") | B503: =IFERROR(IF('ŞİKAYET KAYIT'!P503="Kapatıldı",'ŞİKAYET KAYIT'!B503,""),"") | C503: =IFERROR(IF('ŞİKAYET KAYIT'!P503="Kapatıldı",'ŞİKAYET KAYIT'!D503,""),"") | D503: =IFERROR(IF('ŞİKAYET KAYIT'!P503="Kapatıldı",'ŞİKAYET KAYIT'!F503,""),"") | E503: =IFERROR(IF('ŞİKAYET KAYIT'!P503="Kapatıldı",'ŞİKAYET KAYIT'!H503,""),"") | F503: =IFERROR(IF('ŞİKAYET KAYIT'!P503="Kapatıldı",'ŞİKAYET KAYIT'!J503,""),"") | G503: =IFERROR(IF('ŞİKAYET KAYIT'!P503="Kapatıldı",'ŞİKAYET KAYIT'!K503,""),"") | H503: =IFERROR(IF('ŞİKAYET KAYIT'!P503="Kapatıldı",'ŞİKAYET KAYIT'!L503,""),"") | I503: =IFERROR(IF('ŞİKAYET KAYIT'!P503="Kapatıldı",'ŞİKAYET KAYIT'!M503,""),"") | J503: =IFERROR(IF('ŞİKAYET KAYIT'!P503="Kapatıldı",'ŞİKAYET KAYIT'!N503,""),"") | K503: =IFERROR(IF('ŞİKAYET KAYIT'!P503="Kapatıldı",'ŞİKAYET KAYIT'!O503,""),"") | L503: =IFERROR(IF('ŞİKAYET KAYIT'!P503="Kapatıldı",'ŞİKAYET KAYIT'!Q503,""),"") | M503: =IFERROR(IF('ŞİKAYET KAYIT'!P503="Kapatıldı",'ŞİKAYET KAYIT'!R503,""),"")

Sheet İSTATİSTİK
A1: KARS BELEDİYESİ — ŞİKAYET YÖNETİM İSTATİSTİKLERİ
A2: =TEXT(TODAY(),"DD.MM.YYYY tarihi itibarıyla") -> 00.MM.2026 t7rihi iti697rı26l7
A4: GENEL ÖZET
A5: Toplam Şikayet Kaydı | B5: =COUNTA('ŞİKAYET KAYIT'!A4:A503) -> 500
A6: Açık İşler | B6: =COUNTIF('ŞİKAYET KAYIT'!P4:P503,"Açık") -> 0
A7: Devam Eden İşler | B7: =COUNTIF('ŞİKAYET KAYIT'!P4:P503,"Devam Ediyor") -> 0
A8: Kapatılan İşler | B8: =COUNTIF('ŞİKAYET KAYIT'!P4:P503,"Kapatıldı") -> 0
A9: Çok Acil İşler | B9: =COUNTIF('ŞİKAYET KAYIT'!O4:O503,"Çok Acil") -> 0
A10: Acil İşler | B10: =COUNTIF('ŞİKAYET KAYIT'!O4:O503,"Acil") -> 0
A12: MÜDÜRLÜK BAZLI ŞİKAYET DAĞILIMI
A13: Müdürlük | B13: Toplam | C13: Açık | D13: Devam Ediyor | E13: Kapatıldı | F13: Çok Acil | G13: Acil | H13: Mahalle Yoğunluğu
A14: Fen İşleri Müdürlüğü | B14: =COUNTIF('ŞİKAYET KAYIT'!J4:J503,"Fen İşleri Müdürlüğü") -> 0 | C14: =COUNTIFS('ŞİKAYET KAYIT'!J4:J503,"Fen İşleri Müdürlüğü",'ŞİKAYET KAYIT'!P4:P503,"Açık") -> 0 | D14: =COUNTIFS('ŞİKAYET KAYIT'!J4:J503,"Fen İşleri Müdürlüğü",'ŞİKAYET KAYIT'!P4:P503,"Devam Ediyor") -> 0 | E14: =COUNTIFS('ŞİKAYET KAYIT'!J4:J503,"Fen İşleri Müdürlüğü",'ŞİKAYET KAYIT'!P4:P503,"Kapatıldı") -> 0 | F14: =COUNTIFS('ŞİKAYET KAYIT'!J4:J503,"Fen İşleri Müdürlüğü",'ŞİKAYET KAYIT'!O4:O503,"Çok Acil") -> 0 | G14: =COUNTIFS('ŞİKAYET KAYIT'!J4:J503,"Fen İşleri Müdürlüğü",'ŞİKAYET KAYIT'!O4:O503,"Acil") -> 0
A15: Su ve Kanalizasyon İşleri Müdürlüğü | B15: =COUNTIF('ŞİKAYET KAYIT'!J4:J503,"Su ve Kanalizasyon İşleri Müdürlüğü") -> 0 | C15: =COUNTIFS('ŞİKAYET KAYIT'!J4:J503,"Su ve Kanalizasyon İşleri Müdürlüğü",'ŞİKAYET KAYIT'!P4:P503,"Açık") -> 0 | D15: =COUNTIFS('ŞİKAYET KAYIT'!J4:J503,"Su ve Kanalizasyon İşleri Müdürlüğü",'ŞİKAYET KAYIT'!P4:P503,"Devam Ediyor") -> 0 | E15: =COUNTIFS('ŞİKAYET KAYIT'!J4:J503,"Su ve Kanalizasyon İşleri Müdürlüğü",'ŞİKAYET KAYIT'!P4:P503,"Kapatıldı") -> 0 | F15: =COUNTIFS('ŞİKAYET KAYIT'!J4:J503,"Su ve Kanalizasyon İşleri Müdürlüğü",'ŞİKAYET KAYIT'!O4:O503,"Çok Acil") -> 0 | G15: =COUNTIFS('ŞİKAYET KAYIT'!J4:J503,"Su ve Kanalizasyon İşleri Müdürlüğü",'ŞİKAYET KAYIT'!O4:O503,"Acil") -> 0
A16: Temizlik İşleri Müdürlüğü | B16: =COUNTIF('ŞİKAYET KAYIT'!J4:J503,"Temizlik İşleri Müdürlüğü") -> 0 | C16: =COUNTIFS('ŞİKAYET KAYIT'!J4:J503,"Temizlik İşleri Müdürlüğü",'ŞİKAYET KAYIT'!P4:P503,"Açık") -> 0 | D16: =COUNTIFS('ŞİKAYET KAYIT'!J4:J503,"Temizlik İşleri Müdürlüğü",'ŞİKAYET KAYIT'!P4:P503,"Devam Ediyor") -> 0 | E16: =COUNTIFS('ŞİKAYET KAYIT'!J4:J503,"Temizlik İşleri Müdürlüğü",'ŞİKAYET KAYIT'!P4:P503,"Kapatıldı") -> 0 | F16: =COUNTIFS('ŞİKAYET KAYIT'!J4:J503,"Temizlik İşleri Müdürlüğü",'ŞİKAYET KAYIT'!O4:O503,"Çok Acil") -> 0 | G16: =COUNTIFS('ŞİKAYET KAYIT'!J4:J503,"Temizlik İşleri Müdürlüğü",'ŞİKAYET KAYIT'!O4:O503,"Acil") -> 0
A17: Zabıta Müdürlüğü | B17: =COUNTIF('ŞİKAYET KAYIT'!J4:J503,"Zabıta Müdürlüğü") -> 0 | C17: =COUNTIFS('ŞİKAYET KAYIT'!J4:J503,"Zabıta Müdürlüğü",'ŞİKAYET KAYIT'!P4:P503,"Açık") -> 0 | D17: =COUNTIFS('ŞİKAYET KAYIT'!J4:J503,"Zabıta Müdürlüğü",'ŞİKAYET KAYIT'!P4:P503,"Devam Ediyor") -> 0 | E17: =COUNTIFS('ŞİKAYET KAYIT'!J4:J503,"Zabıta Müdürlüğü",'ŞİKAYET KAYIT'!P4:P503,"Kapatıldı") -> 0 | F17: =COUNTIFS('ŞİKAYET KAYIT'!J4:J503,"Zabıta Müdürlüğü",'ŞİKAYET KAYIT'!O4:O503,"Çok Acil") -> 0 | G17: =COUNTIFS('ŞİKAYET KAYIT'!J4:J503,"Zabıta Müdürlüğü",'ŞİKAYET KAYIT'!O4:O503,"Acil") -> 0
A18: Park ve Bahçeler Müdürlüğü | B18: =COUNTIF('ŞİKAYET KAYIT'!J4:J503,"Park ve Bahçeler Müdürlüğü") -> 0 | C18: =COUNTIFS('ŞİKAYET KAYIT'!J4:J503,"Park ve Bahçeler Müdürlüğü",'ŞİKAYET KAYIT'!P4:P503,"Açık") -> 0 | D18: =COUNTIFS('ŞİKAYET KAYIT'!J4:J503,"Park ve Bahçeler Müdürlüğü",'ŞİKAYET KAYIT'!P4:P503,"Devam Ediyor") -> 0 | E18: =COUNTIFS('ŞİKAYET KAYIT'!J4:J503,"Park ve Bahçeler Müdürlüğü",'ŞİKAYET KAYIT'!P4:P503,"Kapatıldı") -> 0 | F18: =COUNTIFS('ŞİKAYET KAYIT'!J4:J503,"Park ve Bahçeler Müdürlüğü",'ŞİKAYET KAYIT'!O4:O503,"Çok Acil") -> 0 | G18: =COUNTIFS('ŞİKAYET KAYIT'!J4:J503,"Park ve Bahçeler Müdürlüğü",'ŞİKAYET KAYIT'!O4:O503,"Acil") -> 0
A19: Ulaşım Hizmetleri Müdürlüğü | B19: =COUNTIF('ŞİKAYET KAYIT'!J4:J503,"Ulaşım Hizmetleri Müdürlüğü") -> 0 | C19: =COUNTIFS('ŞİKAYET KAYIT'!J4:J503,"Ulaşım Hizmetleri Müdürlüğü",'ŞİKAYET KAYIT'!P4:P503,"Açık") -> 0 | D19: =COUNTIFS('ŞİKAYET KAYIT'!J4:J503,"Ulaşım Hizmetleri Müdürlüğü",'ŞİKAYET KAYIT'!P4:P503,"Devam Ediyor") -> 0 | E19: =COUNTIFS('ŞİKAYET KAYIT'!J4:J503,"Ulaşım Hizmetleri Müdürlüğü",'ŞİKAYET KAYIT'!P4:P503,"Kapatıldı") -> 0 | F19: =COUNTIFS('ŞİKAYET KAYIT'!J4:J503,"Ulaşım Hizmetleri Müdürlüğü",'ŞİKAYET KAYIT'!O4:O503,"Çok Acil") -> 0 | G19: =COUNTIFS('ŞİKAYET KAYIT'!J4:J503,"Ulaşım Hizmetleri Müdürlüğü",'ŞİKAYET KAYIT'!O4:O503,"Acil") -> 0
A20: Karsbel Müdürlüğü | B20: =COUNTIF('ŞİKAYET KAYIT'!J4:J503,"Karsbel Müdürlüğü") -> 0 | C20: =COUNTIFS('ŞİKAYET KAYIT'!J4:J503,"Karsbel Müdürlüğü",'ŞİKAYET KAYIT'!P4:P503,"Açık") -> 0 | D20: =COUNTIFS('ŞİKAYET KAYIT'!J4:J503,"Karsbel Müdürlüğü",'ŞİKAYET KAYIT'!P4:P503,"Devam Ediyor") -> 0 | E20: =COUNTIFS('ŞİKAYET KAYIT'!J4:J503,"Karsbel Müdürlüğü",'ŞİKAYET KAYIT'!P4:P503,"Kapatıldı") -> 0 | F20: =COUNTIFS('ŞİKAYET KAYIT'!J4:J503,"Karsbel Müdürlüğü",'ŞİKAYET KAYIT'!O4:O503,"Çok Acil") -> 0 | G20: =COUNTIFS('ŞİKAYET KAYIT'!J4:J503,"Karsbel Müdürlüğü",'ŞİKAYET KAYIT'!O4:O503,"Acil") -> 0
A22: ŞİKAYET TÜRÜ DAĞILIMI
A23: Şikayet Türü | B23: Toplam | C23: Açık | D23: Kapatıldı
A24: Logar Tıkanıklığı | B24: =COUNTIF('ŞİKAYET KAYIT'!H4:H503,"Logar Tıkanıklığı") -> 0 | C24: =COUNTIFS('ŞİKAYET KAYIT'!H4:H503,"Logar Tıkanıklığı",'ŞİKAYET KAYIT'!P4:P503,"Açık") -> 0 | D24: =COUNTIFS('ŞİKAYET KAYIT'!H4:H503,"Logar Tıkanıklığı",'ŞİKAYET KAYIT'!P4:P503,"Kapatıldı") -> 0
A25: Vidanjör Talebi | B25: =COUNTIF('ŞİKAYET KAYIT'!H4:H503,"Vidanjör Talebi") -> 0 | C25: =COUNTIFS('ŞİKAYET KAYIT'!H4:H503,"Vidanjör Talebi",'ŞİKAYET KAYIT'!P4:P503,"Açık") -> 0 | D25: =COUNTIFS('ŞİKAYET KAYIT'!H4:H503,"Vidanjör Talebi",'ŞİKAYET KAYIT'!P4:P503,"Kapatıldı") -> 0
A26: Su Arızası | B26: =COUNTIF('ŞİKAYET KAYIT'!H4:H503,"Su Arızası") -> 0 | C26: =COUNTIFS('ŞİKAYET KAYIT'!H4:H503,"Su Arızası",'ŞİKAYET KAYIT'!P4:P503,"Açık") -> 0 | D26: =COUNTIFS('ŞİKAYET KAYIT'!H4:H503,"Su Arızası",'ŞİKAYET KAYIT'!P4:P503,"Kapatıldı") -> 0
A27: Yol Bozukluğu | B27: =COUNTIF('ŞİKAYET KAYIT'!H4:H503,"Yol Bozukluğu") -> 0 | C27: =COUNTIFS('ŞİKAYET KAYIT'!H4:H503,"Yol Bozukluğu",'ŞİKAYET KAYIT'!P4:P503,"Açık") -> 0 | D27: =COUNTIFS('ŞİKAYET KAYIT'!H4:H503,"Yol Bozukluğu",'ŞİKAYET KAYIT'!P4:P503,"Kapatıldı") -> 0
A28: Çöp Toplama | B28: =COUNTIF('ŞİKAYET KAYIT'!H4:H503,"Çöp Toplama") -> 0 | C28: =COUNTIFS('ŞİKAYET KAYIT'!H4:H503,"Çöp Toplama",'ŞİKAYET KAYIT'!P4:P503,"Açık") -> 0 | D28: =COUNTIFS('ŞİKAYET KAYIT'!H4:H503,"Çöp Toplama",'ŞİKAYET KAYIT'!P4:P503,"Kapatıldı") -> 0
A29: Park Bakım | B29: =COUNTIF('ŞİKAYET KAYIT'!H4:H503,"Park Bakım") -> 0 | C29: =COUNTIFS('ŞİKAYET KAYIT'!H4:H503,"Park Bakım",'ŞİKAYET KAYIT'!P4:P503,"Açık") -> 0 | D29: =COUNTIFS('ŞİKAYET KAYIT'!H4:H503,"Park Bakım",'ŞİKAYET KAYIT'!P4:P503,"Kapatıldı") -> 0
A30: Zabıta Şikayeti | B30: =COUNTIF('ŞİKAYET KAYIT'!H4:H503,"Zabıta Şikayeti") -> 0 | C30: =COUNTIFS('ŞİKAYET KAYIT'!H4:H503,"Zabıta Şikayeti",'ŞİKAYET KAYIT'!P4:P503,"Açık") -> 0 | D30: =COUNTIFS('ŞİKAYET KAYIT'!H4:H503,"Zabıta Şikayeti",'ŞİKAYET KAYIT'!P4:P503,"Kapatıldı") -> 0
A31: Ulaşım Sorunu | B31: =COUNTIF('ŞİKAYET KAYIT'!H4:H503,"Ulaşım Sorunu") -> 0 | C31: =COUNTIFS('ŞİKAYET KAYIT'!H4:H503,"Ulaşım Sorunu",'ŞİKAYET KAYIT'!P4:P503,"Açık") -> 0 | D31: =COUNTIFS('ŞİKAYET KAYIT'!H4:H503,"Ulaşım Sorunu",'ŞİKAYET KAYIT'!P4:P503,"Kapatıldı") -> 0
A32: Asfalt Onarım | B32: =COUNTIF('ŞİKAYET KAYIT'!H4:H503,"Asfalt Onarım") -> 0 | C32: =COUNTIFS('ŞİKAYET KAYIT'!H4:H503,"Asfalt Onarım",'ŞİKAYET KAYIT'!P4:P503,"Açık") -> 0 | D32: =COUNTIFS('ŞİKAYET KAYIT'!H4:H503,"Asfalt Onarım",'ŞİKAYET KAYIT'!P4:P503,"Kapatıldı") -> 0
A33: Diğer | B33: =COUNTIF('ŞİKAYET KAYIT'!H4:H503,"Diğer") -> 0 | C33: =COUNTIFS('ŞİKAYET KAYIT'!H4:H503,"Diğer",'ŞİKAYET KAYIT'!P4:P503,"Açık") -> 0 | D33: =COUNTIFS('ŞİKAYET KAYIT'!H4:H503,"Diğer",'ŞİKAYET KAYIT'!P4:P503,"Kapatıldı") -> 0

Sheet RAPORLAMA
A1: KARS BELEDİYESİ
A2: Şikayet / İş Emri Raporu
A4: ŞİKAYET NO GİRİŞ ALANI — Şikayet numarasını girerek raporu otomatik doldurun
B5: Şikayet No Giriniz: | G5: Onaylayan:
B6: =IFERROR(MATCH(D5,'ŞİKAYET KAYIT'!$A:$A,0),"")
A7: ŞİKAYET BİLGİLERİ
B8: Şikayet No: | D8: =IFERROR(IF($D$5="","—",INDEX('ŞİKAYET KAYIT'!A:A,$B$6)),"— Bulunamadı") -> — | G8: Müdürlük: | H8: =IFERROR(IF($D$5="","—",INDEX('ŞİKAYET KAYIT'!J:J,$B$6)),"— Bulunamadı") -> —
B9: Kayıt Tarihi: | D9: =IFERROR(IF($D$5="","—",INDEX('ŞİKAYET KAYIT'!B:B,$B$6)),"— Bulunamadı") -> — | G9: Şikayet Türü: | H9: =IFERROR(IF($D$5="","—",INDEX('ŞİKAYET KAYIT'!H:H,$B$6)),"— Bulunamadı") -> —
B10: Kayıt Saati: | D10: =IFERROR(IF($D$5="","—",INDEX('ŞİKAYET KAYIT'!C:C,$B$6)),"— Bulunamadı") -> — | G10: Öncelik: | H10: =IFERROR(IF($D$5="","—",INDEX('ŞİKAYET KAYIT'!O:O,$B$6)),"— Bulunamadı") -> —
B11: Arayan Kişi: | D11: =IFERROR(IF($D$5="","—",INDEX('ŞİKAYET KAYIT'!D:D,$B$6)),"— Bulunamadı") -> — | G11: Durum: | H11: =IFERROR(IF($D$5="","—",INDEX('ŞİKAYET KAYIT'!P:P,$B$6)),"— Bulunamadı") -> —
B12: Telefon: | D12: =IFERROR(IF($D$5="","—",INDEX('ŞİKAYET KAYIT'!E:E,$B$6)),"— Bulunamadı") -> — | G12: Kapanış Tarihi: | H12: =IFERROR(IF($D$5="","—",INDEX('ŞİKAYET KAYIT'!Q:Q,$B$6)),"— Bulunamadı") -> —
A13: KONUM BİLGİLERİ
B14: Mahalle: | D14: =IFERROR(IF($D$5="","—",INDEX('ŞİKAYET KAYIT'!F:F,$B$6)),"— Bulunamadı") -> — | G14: Açık Adres: | H14: =IFERROR(IF($D$5="","—",INDEX('ŞİKAYET KAYIT'!G:G,$B$6)),"— Bulunamadı") -> —
A15: ŞİKAYET AÇIKLAMASI
A16: =IFERROR(IF($D$5="","—",INDEX('ŞİKAYET KAYIT'!I:I,$B$6)),"— Bulunamadı") -> —
A19: GÖREVLENDİRME BİLGİLERİ
B20: Araç Plakası: | D20: =IFERROR(IF($D$5="","—",INDEX('ŞİKAYET KAYIT'!K:K,$B$6)),"— Bulunamadı") -> — | G20: Görevlendirilen Personel: | H20: =IFERROR(IF($D$5="","—",INDEX('ŞİKAYET KAYIT'!N:N,$B$6)),"— Bulunamadı") -> —
B21: Şoför Adı: | D21: =IFERROR(IF($D$5="","—",INDEX('ŞİKAYET KAYIT'!L:L,$B$6)),"— Bulunamadı") -> — | G21: Müdürlük: | H21: =IFERROR(IF($D$5="","—",INDEX('ŞİKAYET KAYIT'!J:J,$B$6)),"— Bulunamadı") -> —
B22: Şoför Telefonu: | D22: =IFERROR(IF($D$5="","—",INDEX('ŞİKAYET KAYIT'!M:M,$B$6)),"— Bulunamadı") -> — | G22: Çözüm Notu: | H22: =IFERROR(IF($D$5="","—",INDEX('ŞİKAYET KAYIT'!R:R,$B$6)),"— Bulunamadı") -> —
A23: ONAY ve İMZA
B24: Hazırlayan _____________________ | D24: Kontrol Eden _____________________ | H24: =IF(H5="","Onaylayan _____________________","Onaylayan: "&H5&" _____________________") -> Onaylayan _____________________
A27: =IFERROR("Kars Belediyesi | Rapor Tarihi: "&TEXT(TODAY(),"DD.MM.YYYY")&" | "&D5&" | Bu belge resmi kayıt niteliği taşır.","Kars Belediyesi | Resmi Kayıt") -> Kars Belediyesi | Rapor Tarihi: 00.MM.2026 | | Bu belge resmi kayıt niteliği taşır.
