Workbook

Sheet Personel Listesi
A1: — PERSONEL LİSTESİ
A2: Bu sayfaya personel bilgilerini girin → Diğer sekmeler bu listeden otomatik okur
A3: No | B3: Ad Soyad | C3: Unvan / Görevi | D3: Bağlı Birim | E3: Tel No | F3: İşe Giriş Tarihi | G3: Durum
A4: =IF(B4<>"",ROW()-3,"")
A5: =IF(B5<>"",ROW()-3,"")
A6: =IF(B6<>"",ROW()-3,"")
A7: =IF(B7<>"",ROW()-3,"")
A8: =IF(B8<>"",ROW()-3,"")
A9: =IF(B9<>"",ROW()-3,"")
A10: =IF(B10<>"",ROW()-3,"")
A11: =IF(B11<>"",ROW()-3,"")
A12: =IF(B12<>"",ROW()-3,"")
A13: =IF(B13<>"",ROW()-3,"")
A14: =IF(B14<>"",ROW()-3,"")
A15: =IF(B15<>"",ROW()-3,"")
... A303: =IF(B303<>"",ROW()-3,"")

Sheet Araç Listesi
A1: ARAÇ / İŞ MAKİNESİ LİSTESİ
A2: Bu sayfaya araçları girin → Diğer sekmeler bu listeden otomatik okur
A3: No | B3: Plaka / Seri No | C3: Araç / Makine Adı | D3: Marka | E3: Model | F3: Bağlı Birim | G3: Durum
A4: =IF(B4<>"",ROW()-3,"")
A5: =IF(B5<>"",ROW()-3,"")
A6: =IF(B6<>"",ROW()-3,"")
A7: =IF(B7<>"",ROW()-3,"")
A8: =IF(B8<>"",ROW()-3,"")
A9: =IF(B9<>"",ROW()-3,"")
A10: =IF(B10<>"",ROW()-3,"")
A11: =IF(B11<>"",ROW()-3,"")
A12: =IF(B12<>"",ROW()-3,"")
A13: =IF(B13<>"",ROW()-3,"")
A14: =IF(B14<>"",ROW()-3,"")
A15: =IF(B15<>"",ROW()-3,"")
... A303: =IF(B303<>"",ROW()-3,"")

Sheet Araç Günlük Takip
A1: ARAÇ / İŞ MAKİNESİ GÜNLÜK ÇALIŞMA TAKİBİ
A2: C sütununa plaka girin → Araç adı otomatik gelir | J = Çalışma Saati otomatik hesaplanır | Tarih: 11.06.2026
A3: No | B3: Tarih | C3: Plaka / Seri No | D3: Araç / Makine Adı (Otomatik) | E3: Şoför / Operatör | F3: Görev / İş Tanımı | G3: Görevlendirildiği Yer / Bölge | H3: Giriş Saati | I3: Çıkış Saati | J3: Çalışma Saati (Oto.) | K3: Yakıt (Litre) | L3: Notlar | M3: Onaylayan
A4: =IF(B4<>"",ROW()-3,"") | D4: =IF(C4<>"",IFERROR(VLOOKUP(C4,'Araç Listesi'!$B$4:$C$303,2,0),"Bulunamadı"),"") | J4: =IF(AND(H4<>"",I4<>""),IFERROR(IF(I4>H4,(I4-H4)*24,(1+I4-H4)*24),""),"")
A5: =IF(B5<>"",ROW()-3,"") | D5: =IF(C5<>"",IFERROR(VLOOKUP(C5,'Araç Listesi'!$B$4:$C$303,2,0),"Bulunamadı"),"") | J5: =IF(AND(H5<>"",I5<>""),IFERROR(IF(I5>H5,(I5-H5)*24,(1+I5-H5)*24),""),"")
A6: =IF(B6<>"",ROW()-3,"") | D6: =IF(C6<>"",IFERROR(VLOOKUP(C6,'Araç Listesi'!$B$4:$C$303,2,0),"Bulunamadı"),"") | J6: =IF(AND(H6<>"",I6<>""),IFERROR(IF(I6>H6,(I6-H6)*24,(1+I6-H6)*24),""),"")
A7: =IF(B7<>"",ROW()-3,"") | D7: =IF(C7<>"",IFERROR(VLOOKUP(C7,'Araç Listesi'!$B$4:$C$303,2,0),"Bulunamadı"),"") | J7: =IF(AND(H7<>"",I7<>""),IFERROR(IF(I7>H7,(I7-H7)*24,(1+I7-H7)*24),""),"")
A8: =IF(B8<>"",ROW()-3,"") | D8: =IF(C8<>"",IFERROR(VLOOKUP(C8,'Araç Listesi'!$B$4:$C$303,2,0),"Bulunamadı"),"") | J8: =IF(AND(H8<>"",I8<>""),IFERROR(IF(I8>H8,(I8-H8)*24,(1+I8-H8)*24),""),"")
A9: =IF(B9<>"",ROW()-3,"") | D9: =IF(C9<>"",IFERROR(VLOOKUP(C9,'Araç Listesi'!$B$4:$C$303,2,0),"Bulunamadı"),"") | J9: =IF(AND(H9<>"",I9<>""),IFERROR(IF(I9>H9,(I9-H9)*24,(1+I9-H9)*24),""),"")
A10: =IF(B10<>"",ROW()-3,"") | D10: =IF(C10<>"",IFERROR(VLOOKUP(C10,'Araç Listesi'!$B$4:$C$303,2,0),"Bulunamadı"),"") | J10: =IF(AND(H10<>"",I10<>""),IFERROR(IF(I10>H10,(I10-H10)*24,(1+I10-H10)*24),""),"")
A11: =IF(B11<>"",ROW()-3,"") | D11: =IF(C11<>"",IFERROR(VLOOKUP(C11,'Araç Listesi'!$B$4:$C$303,2,0),"Bulunamadı"),"") | J11: =IF(AND(H11<>"",I11<>""),IFERROR(IF(I11>H11,(I11-H11)*24,(1+I11-H11)*24),""),"")
A12: =IF(B12<>"",ROW()-3,"") | D12: =IF(C12<>"",IFERROR(VLOOKUP(C12,'Araç Listesi'!$B$4:$C$303,2,0),"Bulunamadı"),"") | J12: =IF(AND(H12<>"",I12<>""),IFERROR(IF(I12>H12,(I12-H12)*24,(1+I12-H12)*24),""),"")
A13: =IF(B13<>"",ROW()-3,"") | D13: =IF(C13<>"",IFERROR(VLOOKUP(C13,'Araç Listesi'!$B$4:$C$303,2,0),"Bulunamadı"),"") | J13: =IF(AND(H13<>"",I13<>""),IFERROR(IF(I13>H13,(I13-H13)*24,(1+I13-H13)*24),""),"")
A14: =IF(B14<>"",ROW()-3,"") | D14: =IF(C14<>"",IFERROR(VLOOKUP(C14,'Araç Listesi'!$B$4:$C$303,2,0),"Bulunamadı"),"") | J14: =IF(AND(H14<>"",I14<>""),IFERROR(IF(I14>H14,(I14-H14)*24,(1+I14-H14)*24),""),"")
A15: =IF(B15<>"",ROW()-3,"") | D15: =IF(C15<>"",IFERROR(VLOOKUP(C15,'Araç Listesi'!$B$4:$C$303,2,0),"Bulunamadı"),"") | J15: =IF(AND(H15<>"",I15<>""),IFERROR(IF(I15>H15,(I15-H15)*24,(1+I15-H15)*24),""),"")
... A303: =IF(B303<>"",ROW()-3,"") | D303: =IF(C303<>"",IFERROR(VLOOKUP(C303,'Araç Listesi'!$B$4:$C$303,2,0),"Bulunamadı"),"") | J303: =IF(AND(H303<>"",I303<>""),IFERROR(IF(I303>H303,(I303-H303)*24,(1+I303-H303)*24),""),"")
A304: TOPLAM | J304: =IFERROR(SUM(J4:J303),0) -> 0 | K304: =IFERROR(SUM(K4:K303),0) -> 0

Sheet Personel Günlük Takip
A1: PERSONEL GÜNLÜK ÇALIŞMA TAKİBİ
A2: C sütununa personel adını girin → Unvan ve birim otomatik gelir | Normal mesai: 08:00–12:00 + 13:00–17:00 (8 saat) | 17:00 sonrası otomatik mesai hesaplanır | Görevlendirilen Birim: M sütunu
A3: No | B3: Tarih | C3: Ad Soyad | D3: Unvan (Otomatik) | E3: Birim (Otomatik) | F3: Giriş Saati | G3: Çıkış Saati | H3: Normal Saat (Oto.) 08:00-17:00 | I3: Mesai Saat (Oto.) 17:00 Sonrası | J3: Toplam Saat (Oto.) | K3: Çalışma Tipi | L3: Yapılan İş / Görev Tanımı | M3: Görevlendirilen Birim | N3: Notlar | O3: Onaylayan
A4: =IF(B4<>"",ROW()-3,"") | D4: =IF(C4<>"",IFERROR(VLOOKUP(C4,'Personel Listesi'!$B$4:$C$303,2,0),"Bulunamadı"),"") | E4: =IF(C4<>"",IFERROR(VLOOKUP(C4,'Personel Listesi'!$B$4:$D$303,3,0),""),"") | H4: =IF(AND(F4<>"",G4<>""),IFERROR(MAX(0,MAX(0,(MIN(17/24,G4)-MAX(8/24,F4))*24)-MAX(0,(MIN(13/24,G4)-MAX(12/24,F4))*24)),""),"") | I4: =IF(AND(F4<>"",G4<>""),IFERROR(MAX(0,(G4-17/24)*24),""),"") | J4: =IF(AND(F4<>"",G4<>""),IFERROR(H4+I4,""),"")
A5: =IF(B5<>"",ROW()-3,"") | D5: =IF(C5<>"",IFERROR(VLOOKUP(C5,'Personel Listesi'!$B$4:$C$303,2,0),"Bulunamadı"),"") | E5: =IF(C5<>"",IFERROR(VLOOKUP(C5,'Personel Listesi'!$B$4:$D$303,3,0),""),"") | H5: =IF(AND(F5<>"",G5<>""),IFERROR(MAX(0,MAX(0,(MIN(17/24,G5)-MAX(8/24,F5))*24)-MAX(0,(MIN(13/24,G5)-MAX(12/24,F5))*24)),""),"") | I5: =IF(AND(F5<>"",G5<>""),IFERROR(MAX(0,(G5-17/24)*24),""),"") | J5: =IF(AND(F5<>"",G5<>""),IFERROR(H5+I5,""),"")
A6: =IF(B6<>"",ROW()-3,"") | D6: =IF(C6<>"",IFERROR(VLOOKUP(C6,'Personel Listesi'!$B$4:$C$303,2,0),"Bulunamadı"),"") | E6: =IF(C6<>"",IFERROR(VLOOKUP(C6,'Personel Listesi'!$B$4:$D$303,3,0),""),"") | H6: =IF(AND(F6<>"",G6<>""),IFERROR(MAX(0,MAX(0,(MIN(17/24,G6)-MAX(8/24,F6))*24)-MAX(0,(MIN(13/24,G6)-MAX(12/24,F6))*24)),""),"") | I6: =IF(AND(F6<>"",G6<>""),IFERROR(MAX(0,(G6-17/24)*24),""),"") | J6: =IF(AND(F6<>"",G6<>""),IFERROR(H6+I6,""),"")
A7: =IF(B7<>"",ROW()-3,"") | D7: =IF(C7<>"",IFERROR(VLOOKUP(C7,'Personel Listesi'!$B$4:$C$303,2,0),"Bulunamadı"),"") | E7: =IF(C7<>"",IFERROR(VLOOKUP(C7,'Personel Listesi'!$B$4:$D$303,3,0),""),"") | H7: =IF(AND(F7<>"",G7<>""),IFERROR(MAX(0,MAX(0,(MIN(17/24,G7)-MAX(8/24,F7))*24)-MAX(0,(MIN(13/24,G7)-MAX(12/24,F7))*24)),""),"") | I7: =IF(AND(F7<>"",G7<>""),IFERROR(MAX(0,(G7-17/24)*24),""),"") | J7: =IF(AND(F7<>"",G7<>""),IFERROR(H7+I7,""),"")
A8: =IF(B8<>"",ROW()-3,"") | D8: =IF(C8<>"",IFERROR(VLOOKUP(C8,'Personel Listesi'!$B$4:$C$303,2,0),"Bulunamadı"),"") | E8: =IF(C8<>"",IFERROR(VLOOKUP(C8,'Personel Listesi'!$B$4:$D$303,3,0),""),"") | H8: =IF(AND(F8<>"",G8<>""),IFERROR(MAX(0,MAX(0,(MIN(17/24,G8)-MAX(8/24,F8))*24)-MAX(0,(MIN(13/24,G8)-MAX(12/24,F8))*24)),""),"") | I8: =IF(AND(F8<>"",G8<>""),IFERROR(MAX(0,(G8-17/24)*24),""),"") | J8: =IF(AND(F8<>"",G8<>""),IFERROR(H8+I8,""),"")
A9: =IF(B9<>"",ROW()-3,"") | D9: =IF(C9<>"",IFERROR(VLOOKUP(C9,'Personel Listesi'!$B$4:$C$303,2,0),"Bulunamadı"),"") | E9: =IF(C9<>"",IFERROR(VLOOKUP(C9,'Personel Listesi'!$B$4:$D$303,3,0),""),"") | H9: =IF(AND(F9<>"",G9<>""),IFERROR(MAX(0,MAX(0,(MIN(17/24,G9)-MAX(8/24,F9))*24)-MAX(0,(MIN(13/24,G9)-MAX(12/24,F9))*24)),""),"") | I9: =IF(AND(F9<>"",G9<>""),IFERROR(MAX(0,(G9-17/24)*24),""),"") | J9: =IF(AND(F9<>"",G9<>""),IFERROR(H9+I9,""),"")
A10: =IF(B10<>"",ROW()-3,"") | D10: =IF(C10<>"",IFERROR(VLOOKUP(C10,'Personel Listesi'!$B$4:$C$303,2,0),"Bulunamadı"),"") | E10: =IF(C10<>"",IFERROR(VLOOKUP(C10,'Personel Listesi'!$B$4:$D$303,3,0),""),"") | H10: =IF(AND(F10<>"",G10<>""),IFERROR(MAX(0,MAX(0,(MIN(17/24,G10)-MAX(8/24,F10))*24)-MAX(0,(MIN(13/24,G10)-MAX(12/24,F10))*24)),""),"") | I10: =IF(AND(F10<>"",G10<>""),IFERROR(MAX(0,(G10-17/24)*24),""),"") | J10: =IF(AND(F10<>"",G10<>""),IFERROR(H10+I10,""),"")
A11: =IF(B11<>"",ROW()-3,"") | D11: =IF(C11<>"",IFERROR(VLOOKUP(C11,'Personel Listesi'!$B$4:$C$303,2,0),"Bulunamadı"),"") | E11: =IF(C11<>"",IFERROR(VLOOKUP(C11,'Personel Listesi'!$B$4:$D$303,3,0),""),"") | H11: =IF(AND(F11<>"",G11<>""),IFERROR(MAX(0,MAX(0,(MIN(17/24,G11)-MAX(8/24,F11))*24)-MAX(0,(MIN(13/24,G11)-MAX(12/24,F11))*24)),""),"") | I11: =IF(AND(F11<>"",G11<>""),IFERROR(MAX(0,(G11-17/24)*24),""),"") | J11: =IF(AND(F11<>"",G11<>""),IFERROR(H11+I11,""),"")
A12: =IF(B12<>"",ROW()-3,"") | D12: =IF(C12<>"",IFERROR(VLOOKUP(C12,'Personel Listesi'!$B$4:$C$303,2,0),"Bulunamadı"),"") | E12: =IF(C12<>"",IFERROR(VLOOKUP(C12,'Personel Listesi'!$B$4:$D$303,3,0),""),"") | H12: =IF(AND(F12<>"",G12<>""),IFERROR(MAX(0,MAX(0,(MIN(17/24,G12)-MAX(8/24,F12))*24)-MAX(0,(MIN(13/24,G12)-MAX(12/24,F12))*24)),""),"") | I12: =IF(AND(F12<>"",G12<>""),IFERROR(MAX(0,(G12-17/24)*24),""),"") | J12: =IF(AND(F12<>"",G12<>""),IFERROR(H12+I12,""),"")
A13: =IF(B13<>"",ROW()-3,"") | D13: =IF(C13<>"",IFERROR(VLOOKUP(C13,'Personel Listesi'!$B$4:$C$303,2,0),"Bulunamadı"),"") | E13: =IF(C13<>"",IFERROR(VLOOKUP(C13,'Personel Listesi'!$B$4:$D$303,3,0),""),"") | H13: =IF(AND(F13<>"",G13<>""),IFERROR(MAX(0,MAX(0,(MIN(17/24,G13)-MAX(8/24,F13))*24)-MAX(0,(MIN(13/24,G13)-MAX(12/24,F13))*24)),""),"") | I13: =IF(AND(F13<>"",G13<>""),IFERROR(MAX(0,(G13-17/24)*24),""),"") | J13: =IF(AND(F13<>"",G13<>""),IFERROR(H13+I13,""),"")
A14: =IF(B14<>"",ROW()-3,"") | D14: =IF(C14<>"",IFERROR(VLOOKUP(C14,'Personel Listesi'!$B$4:$C$303,2,0),"Bulunamadı"),"") | E14: =IF(C14<>"",IFERROR(VLOOKUP(C14,'Personel Listesi'!$B$4:$D$303,3,0),""),"") | H14: =IF(AND(F14<>"",G14<>""),IFERROR(MAX(0,MAX(0,(MIN(17/24,G14)-MAX(8/24,F14))*24)-MAX(0,(MIN(13/24,G14)-MAX(12/24,F14))*24)),""),"") | I14: =IF(AND(F14<>"",G14<>""),IFERROR(MAX(0,(G14-17/24)*24),""),"") | J14: =IF(AND(F14<>"",G14<>""),IFERROR(H14+I14,""),"")
A15: =IF(B15<>"",ROW()-3,"") | D15: =IF(C15<>"",IFERROR(VLOOKUP(C15,'Personel Listesi'!$B$4:$C$303,2,0),"Bulunamadı"),"") | E15: =IF(C15<>"",IFERROR(VLOOKUP(C15,'Personel Listesi'!$B$4:$D$303,3,0),""),"") | H15: =IF(AND(F15<>"",G15<>""),IFERROR(MAX(0,MAX(0,(MIN(17/24,G15)-MAX(8/24,F15))*24)-MAX(0,(MIN(13/24,G15)-MAX(12/24,F15))*24)),""),"") | I15: =IF(AND(F15<>"",G15<>""),IFERROR(MAX(0,(G15-17/24)*24),""),"") | J15: =IF(AND(F15<>"",G15<>""),IFERROR(H15+I15,""),"")
... A303: =IF(B303<>"",ROW()-3,"") | D303: =IF(C303<>"",IFERROR(VLOOKUP(C303,'Personel Listesi'!$B$4:$C$303,2,0),"Bulunamadı"),"") | E303: =IF(C303<>"",IFERROR(VLOOKUP(C303,'Personel Listesi'!$B$4:$D$303,3,0),""),"") | H303: =IF(AND(F303<>"",G303<>""),IFERROR(MAX(0,MAX(0,(MIN(17/24,G303)-MAX(8/24,F303))*24)-MAX(0,(MIN(13/24,G303)-MAX(12/24,F303))*24)),""),"") | I303: =IF(AND(F303<>"",G303<>""),IFERROR(MAX(0,(G303-17/24)*24),""),"") | J303: =IF(AND(F303<>"",G303<>""),IFERROR(H303+I303,""),"")
A304: TOPLAM | H304: =IFERROR(SUM(H4:H303),0) -> 0 | I304: =IFERROR(SUM(I4:I303),0) -> 0 | J304: =IFERROR(SUM(J4:J303),0) -> 0

Sheet Aylık Özet
A1: GÜNLÜK ÇALIŞMA TAKİBİ AYLIK ÖZET
A2: ★ Tüm veriler Araç ve Personel Günlük Takip sekmelerinden otomatik hesaplanmaktadır
A4: 🚛 TOPLAM ARAÇ KAYDI | C4: ⏱ TOPLAM ARAÇ ÇALIŞMA | E4: ⛽ TOPLAM YAKIT | G4: 👷 TOPLAM PERSONEL KAYDI
A5: =COUNTIF('Araç Günlük Takip'!B4:B303,"<>") -> 0 | C5: =IFERROR(SUM('Araç Günlük Takip'!J4:J303),0) -> 0 | E5: =IFERROR(SUM('Araç Günlük Takip'!K4:K303),0) -> 0 | G5: =COUNTIF('Personel Günlük Takip'!B4:B303,"<>") -> 0
A6: Günlük giriş sayısı | C6: Toplam çalışma saati | E6: Toplam yakıt tüketimi | G6: Günlük giriş sayısı
A8: 🕐 NORMAL ÇALIŞMA SAATİ | C8: 🌙 FAZLA MESAİ SAATİ | E8: ⏰ TOPLAM PERSONEL SAATİ | G8: 📋 ÇALIŞMA TİPİ (Mesai)
A9: =IFERROR(SUM('Personel Günlük Takip'!H4:H303),0) -> 0 | C9: =IFERROR(SUM('Personel Günlük Takip'!I4:I303),0) -> 0 | E9: =IFERROR(SUM('Personel Günlük Takip'!J4:J303),0) -> 0 | G9: =COUNTIF('Personel Günlük Takip'!K4:K303,"Fazla Mesai") -> 0
A10: Toplam normal mesai | C10: Toplam fazla mesai | E10: Normal + Mesai toplamı | G10: Fazla mesai kayıt sayısı
A12: ARAÇ BAZLI ÇALIŞMA ÖZETİ | F12: PERSONEL ÇALIŞMA ÖZETİ
A13: Plaka | B13: Araç Adı (Otomatik) | C13: Toplam Çalışma Saati | D13: Toplam Yakıt (Lt) | F13: Ad Soyad | G13: Normal Saat | H13: Mesai Saat
A14: =IFERROR(INDEX('Araç Listesi'!$B$4:$B$303,SMALL(IF('Araç Listesi'!$B$4:$B$303<>"",ROW('Araç Listesi'!$B$4:$B$303)-3),1)),"") -> 0 | B14: =IF(A14<>"",IFERROR(VLOOKUP(A14,'Araç Listesi'!$B$4:$C$303,2,0),""),"") | C14: =IF(A14<>"",IFERROR(SUMIF('Araç Günlük Takip'!$C$4:$C$303,A14,'Araç Günlük Takip'!$J$4:$J$303),0),"") -> 0 | D14: =IF(A14<>"",IFERROR(SUMIF('Araç Günlük Takip'!$C$4:$C$303,A14,'Araç Günlük Takip'!$K$4:$K$303),0),"") -> 0 | F14: =IFERROR(INDEX('Personel Listesi'!$B$4:$B$303,SMALL(IF('Personel Listesi'!$B$4:$B$303<>"",ROW('Personel Listesi'!$B$4:$B$303)-3),1)),"") -> 0 | G14: =IF(F14<>"",IFERROR(SUMIF('Personel Günlük Takip'!$C$4:$C$303,F14,'Personel Günlük Takip'!$H$4:$H$303),0),"") -> 0 | H14: =IF(F14<>"",IFERROR(SUMIF('Personel Günlük Takip'!$C$4:$C$303,F14,'Personel Günlük Takip'!$I$4:$I$303),0),"") -> 0
A15: =IFERROR(INDEX('Araç Listesi'!$B$4:$B$303,SMALL(IF('Araç Listesi'!$B$4:$B$303<>"",ROW('Araç Listesi'!$B$4:$B$303)-3),2)),"") | B15: =IF(A15<>"",IFERROR(VLOOKUP(A15,'Araç Listesi'!$B$4:$C$303,2,0),""),"") | C15: =IF(A15<>"",IFERROR(SUMIF('Araç Günlük Takip'!$C$4:$C$303,A15,'Araç Günlük Takip'!$J$4:$J$303),0),"") | D15: =IF(A15<>"",IFERROR(SUMIF('Araç Günlük Takip'!$C$4:$C$303,A15,'Araç Günlük Takip'!$K$4:$K$303),0),"") | F15: =IFERROR(INDEX('Personel Listesi'!$B$4:$B$303,SMALL(IF('Personel Listesi'!$B$4:$B$303<>"",ROW('Personel Listesi'!$B$4:$B$303)-3),2)),"") | G15: =IF(F15<>"",IFERROR(SUMIF('Personel Günlük Takip'!$C$4:$C$303,F15,'Personel Günlük Takip'!$H$4:$H$303),0),"") | H15: =IF(F15<>"",IFERROR(SUMIF('Personel Günlük Takip'!$C$4:$C$303,F15,'Personel Günlük Takip'!$I$4:$I$303),0),"")
A16: =IFERROR(INDEX('Araç Listesi'!$B$4:$B$303,SMALL(IF('Araç Listesi'!$B$4:$B$303<>"",ROW('Araç Listesi'!$B$4:$B$303)-3),3)),"") | B16: =IF(A16<>"",IFERROR(VLOOKUP(A16,'Araç Listesi'!$B$4:$C$303,2,0),""),"") | C16: =IF(A16<>"",IFERROR(SUMIF('Araç Günlük Takip'!$C$4:$C$303,A16,'Araç Günlük Takip'!$J$4:$J$303),0),"") | D16: =IF(A16<>"",IFERROR(SUMIF('Araç Günlük Takip'!$C$4:$C$303,A16,'Araç Günlük Takip'!$K$4:$K$303),0),"") | F16: =IFERROR(INDEX('Personel Listesi'!$B$4:$B$303,SMALL(IF('Personel Listesi'!$B$4:$B$303<>"",ROW('Personel Listesi'!$B$4:$B$303)-3),3)),"") | G16: =IF(F16<>"",IFERROR(SUMIF('Personel Günlük Takip'!$C$4:$C$303,F16,'Personel Günlük Takip'!$H$4:$H$303),0),"") | H16: =IF(F16<>"",IFERROR(SUMIF('Personel Günlük Takip'!$C$4:$C$303,F16,'Personel Günlük Takip'!$I$4:$I$303),0),"")
A17: =IFERROR(INDEX('Araç Listesi'!$B$4:$B$303,SMALL(IF('Araç Listesi'!$B$4:$B$303<>"",ROW('Araç Listesi'!$B$4:$B$303)-3),4)),"") | B17: =IF(A17<>"",IFERROR(VLOOKUP(A17,'Araç Listesi'!$B$4:$C$303,2,0),""),"") | C17: =IF(A17<>"",IFERROR(SUMIF('Araç Günlük Takip'!$C$4:$C$303,A17,'Araç Günlük Takip'!$J$4:$J$303),0),"") | D17: =IF(A17<>"",IFERROR(SUMIF('Araç Günlük Takip'!$C$4:$C$303,A17,'Araç Günlük Takip'!$K$4:$K$303),0),"") | F17: =IFERROR(INDEX('Personel Listesi'!$B$4:$B$303,SMALL(IF('Personel Listesi'!$B$4:$B$303<>"",ROW('Personel Listesi'!$B$4:$B$303)-3),4)),"") | G17: =IF(F17<>"",IFERROR(SUMIF('Personel Günlük Takip'!$C$4:$C$303,F17,'Personel Günlük Takip'!$H$4:$H$303),0),"") | H17: =IF(F17<>"",IFERROR(SUMIF('Personel Günlük Takip'!$C$4:$C$303,F17,'Personel Günlük Takip'!$I$4:$I$303),0),"")
A18: =IFERROR(INDEX('Araç Listesi'!$B$4:$B$303,SMALL(IF('Araç Listesi'!$B$4:$B$303<>"",ROW('Araç Listesi'!$B$4:$B$303)-3),5)),"") | B18: =IF(A18<>"",IFERROR(VLOOKUP(A18,'Araç Listesi'!$B$4:$C$303,2,0),""),"") | C18: =IF(A18<>"",IFERROR(SUMIF('Araç Günlük Takip'!$C$4:$C$303,A18,'Araç Günlük Takip'!$J$4:$J$303),0),"") | D18: =IF(A18<>"",IFERROR(SUMIF('Araç Günlük Takip'!$C$4:$C$303,A18,'Araç Günlük Takip'!$K$4:$K$303),0),"") | F18: =IFERROR(INDEX('Personel Listesi'!$B$4:$B$303,SMALL(IF('Personel Listesi'!$B$4:$B$303<>"",ROW('Personel Listesi'!$B$4:$B$303)-3),5)),"") | G18: =IF(F18<>"",IFERROR(SUMIF('Personel Günlük Takip'!$C$4:$C$303,F18,'Personel Günlük Takip'!$H$4:$H$303),0),"") | H18: =IF(F18<>"",IFERROR(SUMIF('Personel Günlük Takip'!$C$4:$C$303,F18,'Personel Günlük Takip'!$I$4:$I$303),0),"")
A19: =IFERROR(INDEX('Araç Listesi'!$B$4:$B$303,SMALL(IF('Araç Listesi'!$B$4:$B$303<>"",ROW('Araç Listesi'!$B$4:$B$303)-3),6)),"") | B19: =IF(A19<>"",IFERROR(VLOOKUP(A19,'Araç Listesi'!$B$4:$C$303,2,0),""),"") | C19: =IF(A19<>"",IFERROR(SUMIF('Araç Günlük Takip'!$C$4:$C$303,A19,'Araç Günlük Takip'!$J$4:$J$303),0),"") | D19: =IF(A19<>"",IFERROR(SUMIF('Araç Günlük Takip'!$C$4:$C$303,A19,'Araç Günlük Takip'!$K$4:$K$303),0),"") | F19: =IFERROR(INDEX('Personel Listesi'!$B$4:$B$303,SMALL(IF('Personel Listesi'!$B$4:$B$303<>"",ROW('Personel Listesi'!$B$4:$B$303)-3),6)),"") | G19: =IF(F19<>"",IFERROR(SUMIF('Personel Günlük Takip'!$C$4:$C$303,F19,'Personel Günlük Takip'!$H$4:$H$303),0),"") | H19: =IF(F19<>"",IFERROR(SUMIF('Personel Günlük Takip'!$C$4:$C$303,F19,'Personel Günlük Takip'!$I$4:$I$303),0),"")
A20: =IFERROR(INDEX('Araç Listesi'!$B$4:$B$303,SMALL(IF('Araç Listesi'!$B$4:$B$303<>"",ROW('Araç Listesi'!$B$4:$B$303)-3),7)),"") | B20: =IF(A20<>"",IFERROR(VLOOKUP(A20,'Araç Listesi'!$B$4:$C$303,2,0),""),"") | C20: =IF(A20<>"",IFERROR(SUMIF('Araç Günlük Takip'!$C$4:$C$303,A20,'Araç Günlük Takip'!$J$4:$J$303),0),"") | D20: =IF(A20<>"",IFERROR(SUMIF('Araç Günlük Takip'!$C$4:$C$303,A20,'Araç Günlük Takip'!$K$4:$K$303),0),"") | F20: =IFERROR(INDEX('Personel Listesi'!$B$4:$B$303,SMALL(IF('Personel Listesi'!$B$4:$B$303<>"",ROW('Personel Listesi'!$B$4:$B$303)-3),7)),"") | G20: =IF(F20<>"",IFERROR(SUMIF('Personel Günlük Takip'!$C$4:$C$303,F20,'Personel Günlük Takip'!$H$4:$H$303),0),"") | H20: =IF(F20<>"",IFERROR(SUMIF('Personel Günlük Takip'!$C$4:$C$303,F20,'Personel Günlük Takip'!$I$4:$I$303),0),"")
A21: =IFERROR(INDEX('Araç Listesi'!$B$4:$B$303,SMALL(IF('Araç Listesi'!$B$4:$B$303<>"",ROW('Araç Listesi'!$B$4:$B$303)-3),8)),"") | B21: =IF(A21<>"",IFERROR(VLOOKUP(A21,'Araç Listesi'!$B$4:$C$303,2,0),""),"") | C21: =IF(A21<>"",IFERROR(SUMIF('Araç Günlük Takip'!$C$4:$C$303,A21,'Araç Günlük Takip'!$J$4:$J$303),0),"") | D21: =IF(A21<>"",IFERROR(SUMIF('Araç Günlük Takip'!$C$4:$C$303,A21,'Araç Günlük Takip'!$K$4:$K$303),0),"") | F21: =IFERROR(INDEX('Personel Listesi'!$B$4:$B$303,SMALL(IF('Personel Listesi'!$B$4:$B$303<>"",ROW('Personel Listesi'!$B$4:$B$303)-3),8)),"") | G21: =IF(F21<>"",IFERROR(SUMIF('Personel Günlük Takip'!$C$4:$C$303,F21,'Personel Günlük Takip'!$H$4:$H$303),0),"") | H21: =IF(F21<>"",IFERROR(SUMIF('Personel Günlük Takip'!$C$4:$C$303,F21,'Personel Günlük Takip'!$I$4:$I$303),0),"")
A22: =IFERROR(INDEX('Araç Listesi'!$B$4:$B$303,SMALL(IF('Araç Listesi'!$B$4:$B$303<>"",ROW('Araç Listesi'!$B$4:$B$303)-3),9)),"") | B22: =IF(A22<>"",IFERROR(VLOOKUP(A22,'Araç Listesi'!$B$4:$C$303,2,0),""),"") | C22: =IF(A22<>"",IFERROR(SUMIF('Araç Günlük Takip'!$C$4:$C$303,A22,'Araç Günlük Takip'!$J$4:$J$303),0),"") | D22: =IF(A22<>"",IFERROR(SUMIF('Araç Günlük Takip'!$C$4:$C$303,A22,'Araç Günlük Takip'!$K$4:$K$303),0),"") | F22: =IFERROR(INDEX('Personel Listesi'!$B$4:$B$303,SMALL(IF('Personel Listesi'!$B$4:$B$303<>"",ROW('Personel Listesi'!$B$4:$B$303)-3),9)),"") | G22: =IF(F22<>"",IFERROR(SUMIF('Personel Günlük Takip'!$C$4:$C$303,F22,'Personel Günlük Takip'!$H$4:$H$303),0),"") | H22: =IF(F22<>"",IFERROR(SUMIF('Personel Günlük Takip'!$C$4:$C$303,F22,'Personel Günlük Takip'!$I$4:$I$303),0),"")
A23: =IFERROR(INDEX('Araç Listesi'!$B$4:$B$303,SMALL(IF('Araç Listesi'!$B$4:$B$303<>"",ROW('Araç Listesi'!$B$4:$B$303)-3),10)),"") | B23: =IF(A23<>"",IFERROR(VLOOKUP(A23,'Araç Listesi'!$B$4:$C$303,2,0),""),"") | C23: =IF(A23<>"",IFERROR(SUMIF('Araç Günlük Takip'!$C$4:$C$303,A23,'Araç Günlük Takip'!$J$4:$J$303),0),"") | D23: =IF(A23<>"",IFERROR(SUMIF('Araç Günlük Takip'!$C$4:$C$303,A23,'Araç Günlük Takip'!$K$4:$K$303),0),"") | F23: =IFERROR(INDEX('Personel Listesi'!$B$4:$B$303,SMALL(IF('Personel Listesi'!$B$4:$B$303<>"",ROW('Personel Listesi'!$B$4:$B$303)-3),10)),"") | G23: =IF(F23<>"",IFERROR(SUMIF('Personel Günlük Takip'!$C$4:$C$303,F23,'Personel Günlük Takip'!$H$4:$H$303),0),"") | H23: =IF(F23<>"",IFERROR(SUMIF('Personel Günlük Takip'!$C$4:$C$303,F23,'Personel Günlük Takip'!$I$4:$I$303),0),"")
A24: =IFERROR(INDEX('Araç Listesi'!$B$4:$B$303,SMALL(IF('Araç Listesi'!$B$4:$B$303<>"",ROW('Araç Listesi'!$B$4:$B$303)-3),11)),"") | B24: =IF(A24<>"",IFERROR(VLOOKUP(A24,'Araç Listesi'!$B$4:$C$303,2,0),""),"") | C24: =IF(A24<>"",IFERROR(SUMIF('Araç Günlük Takip'!$C$4:$C$303,A24,'Araç Günlük Takip'!$J$4:$J$303),0),"") | D24: =IF(A24<>"",IFERROR(SUMIF('Araç Günlük Takip'!$C$4:$C$303,A24,'Araç Günlük Takip'!$K$4:$K$303),0),"") | F24: =IFERROR(INDEX('Personel Listesi'!$B$4:$B$303,SMALL(IF('Personel Listesi'!$B$4:$B$303<>"",ROW('Personel Listesi'!$B$4:$B$303)-3),11)),"") | G24: =IF(F24<>"",IFERROR(SUMIF('Personel Günlük Takip'!$C$4:$C$303,F24,'Personel Günlük Takip'!$H$4:$H$303),0),"") | H24: =IF(F24<>"",IFERROR(SUMIF('Personel Günlük Takip'!$C$4:$C$303,F24,'Personel Günlük Takip'!$I$4:$I$303),0),"")
A25: =IFERROR(INDEX('Araç Listesi'!$B$4:$B$303,SMALL(IF('Araç Listesi'!$B$4:$B$303<>"",ROW('Araç Listesi'!$B$4:$B$303)-3),12)),"") | B25: =IF(A25<>"",IFERROR(VLOOKUP(A25,'Araç Listesi'!$B$4:$C$303,2,0),""),"") | C25: =IF(A25<>"",IFERROR(SUMIF('Araç Günlük Takip'!$C$4:$C$303,A25,'Araç Günlük Takip'!$J$4:$J$303),0),"") | D25: =IF(A25<>"",IFERROR(SUMIF('Araç Günlük Takip'!$C$4:$C$303,A25,'Araç Günlük Takip'!$K$4:$K$303),0),"") | F25: =IFERROR(INDEX('Personel Listesi'!$B$4:$B$303,SMALL(IF('Personel Listesi'!$B$4:$B$303<>"",ROW('Personel Listesi'!$B$4:$B$303)-3),12)),"") | G25: =IF(F25<>"",IFERROR(SUMIF('Personel Günlük Takip'!$C$4:$C$303,F25,'Personel Günlük Takip'!$H$4:$H$303),0),"") | H25: =IF(F25<>"",IFERROR(SUMIF('Personel Günlük Takip'!$C$4:$C$303,F25,'Personel Günlük Takip'!$I$4:$I$303),0),"")
A26: =IFERROR(INDEX('Araç Listesi'!$B$4:$B$303,SMALL(IF('Araç Listesi'!$B$4:$B$303<>"",ROW('Araç Listesi'!$B$4:$B$303)-3),13)),"") | B26: =IF(A26<>"",IFERROR(VLOOKUP(A26,'Araç Listesi'!$B$4:$C$303,2,0),""),"") | C26: =IF(A26<>"",IFERROR(SUMIF('Araç Günlük Takip'!$C$4:$C$303,A26,'Araç Günlük Takip'!$J$4:$J$303),0),"") | D26: =IF(A26<>"",IFERROR(SUMIF('Araç Günlük Takip'!$C$4:$C$303,A26,'Araç Günlük Takip'!$K$4:$K$303),0),"") | F26: =IFERROR(INDEX('Personel Listesi'!$B$4:$B$303,SMALL(IF('Personel Listesi'!$B$4:$B$303<>"",ROW('Personel Listesi'!$B$4:$B$303)-3),13)),"") | G26: =IF(F26<>"",IFERROR(SUMIF('Personel Günlük Takip'!$C$4:$C$303,F26,'Personel Günlük Takip'!$H$4:$H$303),0),"") | H26: =IF(F26<>"",IFERROR(SUMIF('Personel Günlük Takip'!$C$4:$C$303,F26,'Personel Günlük Takip'!$I$4:$I$303),0),"")
A27: =IFERROR(INDEX('Araç Listesi'!$B$4:$B$303,SMALL(IF('Araç Listesi'!$B$4:$B$303<>"",ROW('Araç Listesi'!$B$4:$B$303)-3),14)),"") | B27: =IF(A27<>"",IFERROR(VLOOKUP(A27,'Araç Listesi'!$B$4:$C$303,2,0),""),"") | C27: =IF(A27<>"",IFERROR(SUMIF('Araç Günlük Takip'!$C$4:$C$303,A27,'Araç Günlük Takip'!$J$4:$J$303),0),"") | D27: =IF(A27<>"",IFERROR(SUMIF('Araç Günlük Takip'!$C$4:$C$303,A27,'Araç Günlük Takip'!$K$4:$K$303),0),"") | F27: =IFERROR(INDEX('Personel Listesi'!$B$4:$B$303,SMALL(IF('Personel Listesi'!$B$4:$B$303<>"",ROW('Personel Listesi'!$B$4:$B$303)-3),14)),"") | G27: =IF(F27<>"",IFERROR(SUMIF('Personel Günlük Takip'!$C$4:$C$303,F27,'Personel Günlük Takip'!$H$4:$H$303),0),"") | H27: =IF(F27<>"",IFERROR(SUMIF('Personel Günlük Takip'!$C$4:$C$303,F27,'Personel Günlük Takip'!$I$4:$I$303),0),"")
A28: =IFERROR(INDEX('Araç Listesi'!$B$4:$B$303,SMALL(IF('Araç Listesi'!$B$4:$B$303<>"",ROW('Araç Listesi'!$B$4:$B$303)-3),15)),"") | B28: =IF(A28<>"",IFERROR(VLOOKUP(A28,'Araç Listesi'!$B$4:$C$303,2,0),""),"") | C28: =IF(A28<>"",IFERROR(SUMIF('Araç Günlük Takip'!$C$4:$C$303,A28,'Araç Günlük Takip'!$J$4:$J$303),0),"") | D28: =IF(A28<>"",IFERROR(SUMIF('Araç Günlük Takip'!$C$4:$C$303,A28,'Araç Günlük Takip'!$K$4:$K$303),0),"") | F28: =IFERROR(INDEX('Personel Listesi'!$B$4:$B$303,SMALL(IF('Personel Listesi'!$B$4:$B$303<>"",ROW('Personel Listesi'!$B$4:$B$303)-3),15)),"") | G28: =IF(F28<>"",IFERROR(SUMIF('Personel Günlük Takip'!$C$4:$C$303,F28,'Personel Günlük Takip'!$H$4:$H$303),0),"") | H28: =IF(F28<>"",IFERROR(SUMIF('Personel Günlük Takip'!$C$4:$C$303,F28,'Personel Günlük Takip'!$I$4:$I$303),0),"")
A31: BİRİM BAZLI ÇALIŞMA ÖZETİ
A32: Birim | B32: Personel Sayısı | C32: Normal Saat | D32: Mesai Saat | E32: Toplam Saat | F32: Araç Sayısı | G32: Araç Çalışma Saati | H32: Toplam Yakıt (Lt)
A33: Fen İşleri Müdürlüğü | B33: =IFERROR(COUNTIF('Personel Günlük Takip'!$E$4:$E$303,A33),0) -> 0 | C33: =IFERROR(SUMIF('Personel Günlük Takip'!$E$4:$E$303,A33,'Personel Günlük Takip'!$H$4:$H$303),0) -> 0 | D33: =IFERROR(SUMIF('Personel Günlük Takip'!$E$4:$E$303,A33,'Personel Günlük Takip'!$I$4:$I$303),0) -> 0 | E33: =IFERROR(C33+D33,0) -> 0 | F33: =IFERROR(COUNTIF('Araç Günlük Takip'!$G$4:$G$303,A33),0) -> 0 | G33: =IFERROR(SUMIF('Araç Günlük Takip'!$G$4:$G$303,A33,'Araç Günlük Takip'!$J$4:$J$303),0) -> 0 | H33: =IFERROR(SUMIF('Araç Günlük Takip'!$G$4:$G$303,A33,'Araç Günlük Takip'!$K$4:$K$303),0) -> 0
A34: Su ve Kanalizasyon İşleri | B34: =IFERROR(COUNTIF('Personel Günlük Takip'!$E$4:$E$303,A34),0) -> 0 | C34: =IFERROR(SUMIF('Personel Günlük Takip'!$E$4:$E$303,A34,'Personel Günlük Takip'!$H$4:$H$303),0) -> 0 | D34: =IFERROR(SUMIF('Personel Günlük Takip'!$E$4:$E$303,A34,'Personel Günlük Takip'!$I$4:$I$303),0) -> 0 | E34: =IFERROR(C34+D34,0) -> 0 | F34: =IFERROR(COUNTIF('Araç Günlük Takip'!$G$4:$G$303,A34),0) -> 0 | G34: =IFERROR(SUMIF('Araç Günlük Takip'!$G$4:$G$303,A34,'Araç Günlük Takip'!$J$4:$J$303),0) -> 0 | H34: =IFERROR(SUMIF('Araç Günlük Takip'!$G$4:$G$303,A34,'Araç Günlük Takip'!$K$4:$K$303),0) -> 0
A35: Temizlik İşleri | B35: =IFERROR(COUNTIF('Personel Günlük Takip'!$E$4:$E$303,A35),0) -> 0 | C35: =IFERROR(SUMIF('Personel Günlük Takip'!$E$4:$E$303,A35,'Personel Günlük Takip'!$H$4:$H$303),0) -> 0 | D35: =IFERROR(SUMIF('Personel Günlük Takip'!$E$4:$E$303,A35,'Personel Günlük Takip'!$I$4:$I$303),0) -> 0 | E35: =IFERROR(C35+D35,0) -> 0 | F35: =IFERROR(COUNTIF('Araç Günlük Takip'!$G$4:$G$303,A35),0) -> 0 | G35: =IFERROR(SUMIF('Araç Günlük Takip'!$G$4:$G$303,A35,'Araç Günlük Takip'!$J$4:$J$303),0) -> 0 | H35: =IFERROR(SUMIF('Araç Günlük Takip'!$G$4:$G$303,A35,'Araç Günlük Takip'!$K$4:$K$303),0) -> 0
A36: Park ve Bahçeler Müdürlüğü | B36: =IFERROR(COUNTIF('Personel Günlük Takip'!$E$4:$E$303,A36),0) -> 0 | C36: =IFERROR(SUMIF('Personel Günlük Takip'!$E$4:$E$303,A36,'Personel Günlük Takip'!$H$4:$H$303),0) -> 0 | D36: =IFERROR(SUMIF('Personel Günlük Takip'!$E$4:$E$303,A36,'Personel Günlük Takip'!$I$4:$I$303),0) -> 0 | E36: =IFERROR(C36+D36,0) -> 0 | F36: =IFERROR(COUNTIF('Araç Günlük Takip'!$G$4:$G$303,A36),0) -> 0 | G36: =IFERROR(SUMIF('Araç Günlük Takip'!$G$4:$G$303,A36,'Araç Günlük Takip'!$J$4:$J$303),0) -> 0 | H36: =IFERROR(SUMIF('Araç Günlük Takip'!$G$4:$G$303,A36,'Araç Günlük Takip'!$K$4:$K$303),0) -> 0
A37: Diğer | B37: =IFERROR(COUNTIF('Personel Günlük Takip'!$E$4:$E$303,A37),0) -> 0 | C37: =IFERROR(SUMIF('Personel Günlük Takip'!$E$4:$E$303,A37,'Personel Günlük Takip'!$H$4:$H$303),0) -> 0 | D37: =IFERROR(SUMIF('Personel Günlük Takip'!$E$4:$E$303,A37,'Personel Günlük Takip'!$I$4:$I$303),0) -> 0 | E37: =IFERROR(C37+D37,0) -> 0 | F37: =IFERROR(COUNTIF('Araç Günlük Takip'!$G$4:$G$303,A37),0) -> 0 | G37: =IFERROR(SUMIF('Araç Günlük Takip'!$G$4:$G$303,A37,'Araç Günlük Takip'!$J$4:$J$303),0) -> 0 | H37: =IFERROR(SUMIF('Araç Günlük Takip'!$G$4:$G$303,A37,'Araç Günlük Takip'!$K$4:$K$303),0) -> 0
A38: GENEL TOPLAM | B38: =SUM(B33:B37) -> 0 | C38: =SUM(C33:C37) -> 0 | D38: =SUM(D33:D37) -> 0 | E38: =SUM(E33:E37) -> 0 | F38: =SUM(F33:F37) -> 0 | G38: =SUM(G33:G37) -> 0 | H38: =SUM(H33:H37) -> 0
