Workbook
Name LST_AY: Parametreler!$F$4:$F$15
Name LST_BIRIM: Parametreler!$C$4:$C$14
Name LST_DEPO: Parametreler!$D$4:$D$8
Name LST_HAREKETTURU: Parametreler!$E$4:$E$5
Name LST_KATEGORI: Parametreler!$B$4:$B$14
Name LST_MALZEMEKODU: 'Malzeme Tanımlama'!$A$5:$A$300
Name LST_MUDURLUK: Parametreler!$A$4:$A$17

Sheet Malzeme Tanımlama
A1: KARS BELEDİYESİ MALZEME/DEPO GENEL ENVANTER - MALZEME KARTLARI
A2: Diğer sayfalardaki malzeme kodu açılır listeleri bu tablodan beslenir
A4: Malzeme Kodu | B4: Malzeme Adı | C4: Kategori | D4: Birim | E4: Depo Lokasyonu | F4: Kritik Stok Seviyesi | G4: Birim Fiyat (TL) | H4: Açıklama
A5: MLZ-0001 | B5: PVC Boru 110mm (6m boy) | C5: Sıhhi Tesisat Malzemesi | D5: Adet | E5: Ana Depo (Merkez) | F5: 50 | G5: 285 | H5: Kanalizasyon bağlantı işlerinde kullanılır
A303: Açıklama: Malzeme Kodu benzersiz olmalıdır (örn. MLZ-0001). Kritik Stok Seviyesi altına düşen malzemeler Stok Durumu sayfasında KRİTİK olarak işaretlenir.

Sheet Stok Hareketleri
A1: KARS BELEDİYESİ MALZEME STOK HAREKETLERİ (GİRİŞ/ÇIKIŞ) KAYIT DEFTERİ
A2: Malzeme Kodu seçildiğinde Malzeme Adı, Kategori ve Birim otomatik doldurulur
A4: Sıra No | B4: Tarih | C4: Ay | D4: Malzeme Kodu | E4: Malzeme Adı | F4: Hareket Türü | G4: Miktar | H4: Birim | I4: Talep Eden Müdürlük | J4: Belge No | K4: Açıklama
A5: 1 | B5: 46089 | C5: =IF(B5="","",INDEX({"Ocak","Şubat","Mart","Nisan","Mayıs","Haziran","Temmuz","Ağustos","Eylül","Ekim","Kasım","Aralık"},MONTH(B5))) -> Mart | D5: MLZ-0001 | E5: =IFERROR(INDEX('Malzeme Tanımlama'!$B$5:$B$300,MATCH(D5,'Malzeme Tanımlama'!$A$5:$A$300,0)),"") -> PVC Boru 110mm (6m boy) | F5: Çıkış | G5: 20 | H5: =IFERROR(INDEX('Malzeme Tanımlama'!$D$5:$D$300,MATCH(D5,'Malzeme Tanımlama'!$A$5:$A$300,0)),"") -> Adet | I5: Su ve Kanalizasyon Müdürlüğü | J5: ÇKS-2026-0091 | K5: Yağmur suyu hattı onarımı
A6: =IF(D6="","",COUNTIF($D$5:D6,"?*")) | C6: =IF(B6="","",INDEX({"Ocak","Şubat","Mart","Nisan","Mayıs","Haziran","Temmuz","Ağustos","Eylül","Ekim","Kasım","Aralık"},MONTH(B6))) | E6: =IFERROR(INDEX('Malzeme Tanımlama'!$B$5:$B$300,MATCH(D6,'Malzeme Tanımlama'!$A$5:$A$300,0)),"") | H6: =IFERROR(INDEX('Malzeme Tanımlama'!$D$5:$D$300,MATCH(D6,'Malzeme Tanımlama'!$A$5:$A$300,0)),"")
A7: =IF(D7="","",COUNTIF($D$5:D7,"?*")) | C7: =IF(B7="","",INDEX({"Ocak","Şubat","Mart","Nisan","Mayıs","Haziran","Temmuz","Ağustos","Eylül","Ekim","Kasım","Aralık"},MONTH(B7))) | E7: =IFERROR(INDEX('Malzeme Tanımlama'!$B$5:$B$300,MATCH(D7,'Malzeme Tanımlama'!$A$5:$A$300,0)),"") | H7: =IFERROR(INDEX('Malzeme Tanımlama'!$D$5:$D$300,MATCH(D7,'Malzeme Tanımlama'!$A$5:$A$300,0)),"")
A8: =IF(D8="","",COUNTIF($D$5:D8,"?*")) | C8: =IF(B8="","",INDEX({"Ocak","Şubat","Mart","Nisan","Mayıs","Haziran","Temmuz","Ağustos","Eylül","Ekim","Kasım","Aralık"},MONTH(B8))) | E8: =IFERROR(INDEX('Malzeme Tanımlama'!$B$5:$B$300,MATCH(D8,'Malzeme Tanımlama'!$A$5:$A$300,0)),"") | H8: =IFERROR(INDEX('Malzeme Tanımlama'!$D$5:$D$300,MATCH(D8,'Malzeme Tanımlama'!$A$5:$A$300,0)),"")
A9: =IF(D9="","",COUNTIF($D$5:D9,"?*")) | C9: =IF(B9="","",INDEX({"Ocak","Şubat","Mart","Nisan","Mayıs","Haziran","Temmuz","Ağustos","Eylül","Ekim","Kasım","Aralık"},MONTH(B9))) | E9: =IFERROR(INDEX('Malzeme Tanımlama'!$B$5:$B$300,MATCH(D9,'Malzeme Tanımlama'!$A$5:$A$300,0)),"") | H9: =IFERROR(INDEX('Malzeme Tanımlama'!$D$5:$D$300,MATCH(D9,'Malzeme Tanımlama'!$A$5:$A$300,0)),"")
A10: =IF(D10="","",COUNTIF($D$5:D10,"?*")) | C10: =IF(B10="","",INDEX({"Ocak","Şubat","Mart","Nisan","Mayıs","Haziran","Temmuz","Ağustos","Eylül","Ekim","Kasım","Aralık"},MONTH(B10))) | E10: =IFERROR(INDEX('Malzeme Tanımlama'!$B$5:$B$300,MATCH(D10,'Malzeme Tanımlama'!$A$5:$A$300,0)),"") | H10: =IFERROR(INDEX('Malzeme Tanımlama'!$D$5:$D$300,MATCH(D10,'Malzeme Tanımlama'!$A$5:$A$300,0)),"")
A11: =IF(D11="","",COUNTIF($D$5:D11,"?*")) | C11: =IF(B11="","",INDEX({"Ocak","Şubat","Mart","Nisan","Mayıs","Haziran","Temmuz","Ağustos","Eylül","Ekim","Kasım","Aralık"},MONTH(B11))) | E11: =IFERROR(INDEX('Malzeme Tanımlama'!$B$5:$B$300,MATCH(D11,'Malzeme Tanımlama'!$A$5:$A$300,0)),"") | H11: =IFERROR(INDEX('Malzeme Tanımlama'!$D$5:$D$300,MATCH(D11,'Malzeme Tanımlama'!$A$5:$A$300,0)),"")
A12: =IF(D12="","",COUNTIF($D$5:D12,"?*")) | C12: =IF(B12="","",INDEX({"Ocak","Şubat","Mart","Nisan","Mayıs","Haziran","Temmuz","Ağustos","Eylül","Ekim","Kasım","Aralık"},MONTH(B12))) | E12: =IFERROR(INDEX('Malzeme Tanımlama'!$B$5:$B$300,MATCH(D12,'Malzeme Tanımlama'!$A$5:$A$300,0)),"") | H12: =IFERROR(INDEX('Malzeme Tanımlama'!$D$5:$D$300,MATCH(D12,'Malzeme Tanımlama'!$A$5:$A$300,0)),"")
A13: =IF(D13="","",COUNTIF($D$5:D13,"?*")) | C13: =IF(B13="","",INDEX({"Ocak","Şubat","Mart","Nisan","Mayıs","Haziran","Temmuz","Ağustos","Eylül","Ekim","Kasım","Aralık"},MONTH(B13))) | E13: =IFERROR(INDEX('Malzeme Tanımlama'!$B$5:$B$300,MATCH(D13,'Malzeme Tanımlama'!$A$5:$A$300,0)),"") | H13: =IFERROR(INDEX('Malzeme Tanımlama'!$D$5:$D$300,MATCH(D13,'Malzeme Tanımlama'!$A$5:$A$300,0)),"")
A14: =IF(D14="","",COUNTIF($D$5:D14,"?*")) | C14: =IF(B14="","",INDEX({"Ocak","Şubat","Mart","Nisan","Mayıs","Haziran","Temmuz","Ağustos","Eylül","Ekim","Kasım","Aralık"},MONTH(B14))) | E14: =IFERROR(INDEX('Malzeme Tanımlama'!$B$5:$B$300,MATCH(D14,'Malzeme Tanımlama'!$A$5:$A$300,0)),"") | H14: =IFERROR(INDEX('Malzeme Tanımlama'!$D$5:$D$300,MATCH(D14,'Malzeme Tanımlama'!$A$5:$A$300,0)),"")
A15: =IF(D15="","",COUNTIF($D$5:D15,"?*")) | C15: =IF(B15="","",INDEX({"Ocak","Şubat","Mart","Nisan","Mayıs","Haziran","Temmuz","Ağustos","Eylül","Ekim","Kasım","Aralık"},MONTH(B15))) | E15: =IFERROR(INDEX('Malzeme Tanımlama'!$B$5:$B$300,MATCH(D15,'Malzeme Tanımlama'!$A$5:$A$300,0)),"") | H15: =IFERROR(INDEX('Malzeme Tanımlama'!$D$5:$D$300,MATCH(D15,'Malzeme Tanımlama'!$A$5:$A$300,0)),"")
A16: =IF(D16="","",COUNTIF($D$5:D16,"?*")) | C16: =IF(B16="","",INDEX({"Ocak","Şubat","Mart","Nisan","Mayıs","Haziran","Temmuz","Ağustos","Eylül","Ekim","Kasım","Aralık"},MONTH(B16))) | E16: =IFERROR(INDEX('Malzeme Tanımlama'!$B$5:$B$300,MATCH(D16,'Malzeme Tanımlama'!$A$5:$A$300,0)),"") | H16: =IFERROR(INDEX('Malzeme Tanımlama'!$D$5:$D$300,MATCH(D16,'Malzeme Tanımlama'!$A$5:$A$300,0)),"")
A17: =IF(D17="","",COUNTIF($D$5:D17,"?*")) | C17: =IF(B17="","",INDEX({"Ocak","Şubat","Mart","Nisan","Mayıs","Haziran","Temmuz","Ağustos","Eylül","Ekim","Kasım","Aralık"},MONTH(B17))) | E17: =IFERROR(INDEX('Malzeme Tanımlama'!$B$5:$B$300,MATCH(D17,'Malzeme Tanımlama'!$A$5:$A$300,0)),"") | H17: =IFERROR(INDEX('Malzeme Tanımlama'!$D$5:$D$300,MATCH(D17,'Malzeme Tanımlama'!$A$5:$A$300,0)),"")
... A2000: =IF(D2000="","",COUNTIF($D$5:D2000,"?*")) | C2000: =IF(B2000="","",INDEX({"Ocak","Şubat","Mart","Nisan","Mayıs","Haziran","Temmuz","Ağustos","Eylül","Ekim","Kasım","Aralık"},MONTH(B2000))) | E2000: =IFERROR(INDEX('Malzeme Tanımlama'!$B$5:$B$300,MATCH(D2000,'Malzeme Tanımlama'!$A$5:$A$300,0)),"") | H2000: =IFERROR(INDEX('Malzeme Tanımlama'!$D$5:$D$300,MATCH(D2000,'Malzeme Tanımlama'!$A$5:$A$300,0)),"")
A2003: Açıklama: Sarı hücreler veri girişi içindir. 'Çıkış' hareketlerinde Talep Eden Müdürlük doldurulmalıdır.

Sheet Stok Durumu
A1: KARS BELEDİYESİ MALZEME STOK DURUMU
A2: Malzeme Tanımlama ve Stok Hareketleri sayfalarından otomatik hesaplanır
A4: Malzeme Kodu | B4: Malzeme Adı | C4: Kategori | D4: Birim | E4: Toplam Giriş | F4: Toplam Çıkış | G4: Mevcut Stok | H4: Kritik Stok Seviyesi | I4: Durum
A5: =IF('Malzeme Tanımlama'!A5="","",'Malzeme Tanımlama'!A5) -> MLZ-0001 | B5: =IF($A5="","",'Malzeme Tanımlama'!B5) -> PVC Boru 110mm (6m boy) | C5: =IF($A5="","",'Malzeme Tanımlama'!C5) -> Sıhhi Tesisat Malzemesi | D5: =IF($A5="","",'Malzeme Tanımlama'!D5) -> Adet | E5: =IF($A5="","",SUMIFS('Stok Hareketleri'!$G$5:$G$2000,'Stok Hareketleri'!$D$5:$D$2000,$A5,'Stok Hareketleri'!$F$5:$F$2000,"Giriş")) -> 0 | F5: =IF($A5="","",SUMIFS('Stok Hareketleri'!$G$5:$G$2000,'Stok Hareketleri'!$D$5:$D$2000,$A5,'Stok Hareketleri'!$F$5:$F$2000,"Çıkış")) -> 20 | G5: =IF($A5="","",$E5-$F5) -> -20 | H5: =IF($A5="","",'Malzeme Tanımlama'!F5) -> 50 | I5: =IF($A5="","",IF($G5<=$H5,"KRİTİK",IF($G5<=$H5*1.3,"DİKKAT","NORMAL"))) -> KRİTİK
A6: =IF('Malzeme Tanımlama'!A6="","",'Malzeme Tanımlama'!A6) | B6: =IF($A6="","",'Malzeme Tanımlama'!B6) | C6: =IF($A6="","",'Malzeme Tanımlama'!C6) | D6: =IF($A6="","",'Malzeme Tanımlama'!D6) | E6: =IF($A6="","",SUMIFS('Stok Hareketleri'!$G$5:$G$2000,'Stok Hareketleri'!$D$5:$D$2000,$A6,'Stok Hareketleri'!$F$5:$F$2000,"Giriş")) | F6: =IF($A6="","",SUMIFS('Stok Hareketleri'!$G$5:$G$2000,'Stok Hareketleri'!$D$5:$D$2000,$A6,'Stok Hareketleri'!$F$5:$F$2000,"Çıkış")) | G6: =IF($A6="","",$E6-$F6) | H6: =IF($A6="","",'Malzeme Tanımlama'!F6) | I6: =IF($A6="","",IF($G6<=$H6,"KRİTİK",IF($G6<=$H6*1.3,"DİKKAT","NORMAL")))
A7: =IF('Malzeme Tanımlama'!A7="","",'Malzeme Tanımlama'!A7) | B7: =IF($A7="","",'Malzeme Tanımlama'!B7) | C7: =IF($A7="","",'Malzeme Tanımlama'!C7) | D7: =IF($A7="","",'Malzeme Tanımlama'!D7) | E7: =IF($A7="","",SUMIFS('Stok Hareketleri'!$G$5:$G$2000,'Stok Hareketleri'!$D$5:$D$2000,$A7,'Stok Hareketleri'!$F$5:$F$2000,"Giriş")) | F7: =IF($A7="","",SUMIFS('Stok Hareketleri'!$G$5:$G$2000,'Stok Hareketleri'!$D$5:$D$2000,$A7,'Stok Hareketleri'!$F$5:$F$2000,"Çıkış")) | G7: =IF($A7="","",$E7-$F7) | H7: =IF($A7="","",'Malzeme Tanımlama'!F7) | I7: =IF($A7="","",IF($G7<=$H7,"KRİTİK",IF($G7<=$H7*1.3,"DİKKAT","NORMAL")))
A8: =IF('Malzeme Tanımlama'!A8="","",'Malzeme Tanımlama'!A8) | B8: =IF($A8="","",'Malzeme Tanımlama'!B8) | C8: =IF($A8="","",'Malzeme Tanımlama'!C8) | D8: =IF($A8="","",'Malzeme Tanımlama'!D8) | E8: =IF($A8="","",SUMIFS('Stok Hareketleri'!$G$5:$G$2000,'Stok Hareketleri'!$D$5:$D$2000,$A8,'Stok Hareketleri'!$F$5:$F$2000,"Giriş")) | F8: =IF($A8="","",SUMIFS('Stok Hareketleri'!$G$5:$G$2000,'Stok Hareketleri'!$D$5:$D$2000,$A8,'Stok Hareketleri'!$F$5:$F$2000,"Çıkış")) | G8: =IF($A8="","",$E8-$F8) | H8: =IF($A8="","",'Malzeme Tanımlama'!F8) | I8: =IF($A8="","",IF($G8<=$H8,"KRİTİK",IF($G8<=$H8*1.3,"DİKKAT","NORMAL")))
A9: =IF('Malzeme Tanımlama'!A9="","",'Malzeme Tanımlama'!A9) | B9: =IF($A9="","",'Malzeme Tanımlama'!B9) | C9: =IF($A9="","",'Malzeme Tanımlama'!C9) | D9: =IF($A9="","",'Malzeme Tanımlama'!D9) | E9: =IF($A9="","",SUMIFS('Stok Hareketleri'!$G$5:$G$2000,'Stok Hareketleri'!$D$5:$D$2000,$A9,'Stok Hareketleri'!$F$5:$F$2000,"Giriş")) | F9: =IF($A9="","",SUMIFS('Stok Hareketleri'!$G$5:$G$2000,'Stok Hareketleri'!$D$5:$D$2000,$A9,'Stok Hareketleri'!$F$5:$F$2000,"Çıkış")) | G9: =IF($A9="","",$E9-$F9) | H9: =IF($A9="","",'Malzeme Tanımlama'!F9) | I9: =IF($A9="","",IF($G9<=$H9,"KRİTİK",IF($G9<=$H9*1.3,"DİKKAT","NORMAL")))
A10: =IF('Malzeme Tanımlama'!A10="","",'Malzeme Tanımlama'!A10) | B10: =IF($A10="","",'Malzeme Tanımlama'!B10) | C10: =IF($A10="","",'Malzeme Tanımlama'!C10) | D10: =IF($A10="","",'Malzeme Tanımlama'!D10) | E10: =IF($A10="","",SUMIFS('Stok Hareketleri'!$G$5:$G$2000,'Stok Hareketleri'!$D$5:$D$2000,$A10,'Stok Hareketleri'!$F$5:$F$2000,"Giriş")) | F10: =IF($A10="","",SUMIFS('Stok Hareketleri'!$G$5:$G$2000,'Stok Hareketleri'!$D$5:$D$2000,$A10,'Stok Hareketleri'!$F$5:$F$2000,"Çıkış")) | G10: =IF($A10="","",$E10-$F10) | H10: =IF($A10="","",'Malzeme Tanımlama'!F10) | I10: =IF($A10="","",IF($G10<=$H10,"KRİTİK",IF($G10<=$H10*1.3,"DİKKAT","NORMAL")))
A11: =IF('Malzeme Tanımlama'!A11="","",'Malzeme Tanımlama'!A11) | B11: =IF($A11="","",'Malzeme Tanımlama'!B11) | C11: =IF($A11="","",'Malzeme Tanımlama'!C11) | D11: =IF($A11="","",'Malzeme Tanımlama'!D11) | E11: =IF($A11="","",SUMIFS('Stok Hareketleri'!$G$5:$G$2000,'Stok Hareketleri'!$D$5:$D$2000,$A11,'Stok Hareketleri'!$F$5:$F$2000,"Giriş")) | F11: =IF($A11="","",SUMIFS('Stok Hareketleri'!$G$5:$G$2000,'Stok Hareketleri'!$D$5:$D$2000,$A11,'Stok Hareketleri'!$F$5:$F$2000,"Çıkış")) | G11: =IF($A11="","",$E11-$F11) | H11: =IF($A11="","",'Malzeme Tanımlama'!F11) | I11: =IF($A11="","",IF($G11<=$H11,"KRİTİK",IF($G11<=$H11*1.3,"DİKKAT","NORMAL")))
A12: =IF('Malzeme Tanımlama'!A12="","",'Malzeme Tanımlama'!A12) | B12: =IF($A12="","",'Malzeme Tanımlama'!B12) | C12: =IF($A12="","",'Malzeme Tanımlama'!C12) | D12: =IF($A12="","",'Malzeme Tanımlama'!D12) | E12: =IF($A12="","",SUMIFS('Stok Hareketleri'!$G$5:$G$2000,'Stok Hareketleri'!$D$5:$D$2000,$A12,'Stok Hareketleri'!$F$5:$F$2000,"Giriş")) | F12: =IF($A12="","",SUMIFS('Stok Hareketleri'!$G$5:$G$2000,'Stok Hareketleri'!$D$5:$D$2000,$A12,'Stok Hareketleri'!$F$5:$F$2000,"Çıkış")) | G12: =IF($A12="","",$E12-$F12) | H12: =IF($A12="","",'Malzeme Tanımlama'!F12) | I12: =IF($A12="","",IF($G12<=$H12,"KRİTİK",IF($G12<=$H12*1.3,"DİKKAT","NORMAL")))
A13: =IF('Malzeme Tanımlama'!A13="","",'Malzeme Tanımlama'!A13) | B13: =IF($A13="","",'Malzeme Tanımlama'!B13) | C13: =IF($A13="","",'Malzeme Tanımlama'!C13) | D13: =IF($A13="","",'Malzeme Tanımlama'!D13) | E13: =IF($A13="","",SUMIFS('Stok Hareketleri'!$G$5:$G$2000,'Stok Hareketleri'!$D$5:$D$2000,$A13,'Stok Hareketleri'!$F$5:$F$2000,"Giriş")) | F13: =IF($A13="","",SUMIFS('Stok Hareketleri'!$G$5:$G$2000,'Stok Hareketleri'!$D$5:$D$2000,$A13,'Stok Hareketleri'!$F$5:$F$2000,"Çıkış")) | G13: =IF($A13="","",$E13-$F13) | H13: =IF($A13="","",'Malzeme Tanımlama'!F13) | I13: =IF($A13="","",IF($G13<=$H13,"KRİTİK",IF($G13<=$H13*1.3,"DİKKAT","NORMAL")))
A14: =IF('Malzeme Tanımlama'!A14="","",'Malzeme Tanımlama'!A14) | B14: =IF($A14="","",'Malzeme Tanımlama'!B14) | C14: =IF($A14="","",'Malzeme Tanımlama'!C14) | D14: =IF($A14="","",'Malzeme Tanımlama'!D14) | E14: =IF($A14="","",SUMIFS('Stok Hareketleri'!$G$5:$G$2000,'Stok Hareketleri'!$D$5:$D$2000,$A14,'Stok Hareketleri'!$F$5:$F$2000,"Giriş")) | F14: =IF($A14="","",SUMIFS('Stok Hareketleri'!$G$5:$G$2000,'Stok Hareketleri'!$D$5:$D$2000,$A14,'Stok Hareketleri'!$F$5:$F$2000,"Çıkış")) | G14: =IF($A14="","",$E14-$F14) | H14: =IF($A14="","",'Malzeme Tanımlama'!F14) | I14: =IF($A14="","",IF($G14<=$H14,"KRİTİK",IF($G14<=$H14*1.3,"DİKKAT","NORMAL")))
A15: =IF('Malzeme Tanımlama'!A15="","",'Malzeme Tanımlama'!A15) | B15: =IF($A15="","",'Malzeme Tanımlama'!B15) | C15: =IF($A15="","",'Malzeme Tanımlama'!C15) | D15: =IF($A15="","",'Malzeme Tanımlama'!D15) | E15: =IF($A15="","",SUMIFS('Stok Hareketleri'!$G$5:$G$2000,'Stok Hareketleri'!$D$5:$D$2000,$A15,'Stok Hareketleri'!$F$5:$F$2000,"Giriş")) | F15: =IF($A15="","",SUMIFS('Stok Hareketleri'!$G$5:$G$2000,'Stok Hareketleri'!$D$5:$D$2000,$A15,'Stok Hareketleri'!$F$5:$F$2000,"Çıkış")) | G15: =IF($A15="","",$E15-$F15) | H15: =IF($A15="","",'Malzeme Tanımlama'!F15) | I15: =IF($A15="","",IF($G15<=$H15,"KRİTİK",IF($G15<=$H15*1.3,"DİKKAT","NORMAL")))
A16: =IF('Malzeme Tanımlama'!A16="","",'Malzeme Tanımlama'!A16) | B16: =IF($A16="","",'Malzeme Tanımlama'!B16) | C16: =IF($A16="","",'Malzeme Tanımlama'!C16) | D16: =IF($A16="","",'Malzeme Tanımlama'!D16) | E16: =IF($A16="","",SUMIFS('Stok Hareketleri'!$G$5:$G$2000,'Stok Hareketleri'!$D$5:$D$2000,$A16,'Stok Hareketleri'!$F$5:$F$2000,"Giriş")) | F16: =IF($A16="","",SUMIFS('Stok Hareketleri'!$G$5:$G$2000,'Stok Hareketleri'!$D$5:$D$2000,$A16,'Stok Hareketleri'!$F$5:$F$2000,"Çıkış")) | G16: =IF($A16="","",$E16-$F16) | H16: =IF($A16="","",'Malzeme Tanımlama'!F16) | I16: =IF($A16="","",IF($G16<=$H16,"KRİTİK",IF($G16<=$H16*1.3,"DİKKAT","NORMAL")))
... A300: =IF('Malzeme Tanımlama'!A300="","",'Malzeme Tanımlama'!A300) | B300: =IF($A300="","",'Malzeme Tanımlama'!B300) | C300: =IF($A300="","",'Malzeme Tanımlama'!C300) | D300: =IF($A300="","",'Malzeme Tanımlama'!D300) | E300: =IF($A300="","",SUMIFS('Stok Hareketleri'!$G$5:$G$2000,'Stok Hareketleri'!$D$5:$D$2000,$A300,'Stok Hareketleri'!$F$5:$F$2000,"Giriş")) | F300: =IF($A300="","",SUMIFS('Stok Hareketleri'!$G$5:$G$2000,'Stok Hareketleri'!$D$5:$D$2000,$A300,'Stok Hareketleri'!$F$5:$F$2000,"Çıkış")) | G300: =IF($A300="","",$E300-$F300) | H300: =IF($A300="","",'Malzeme Tanımlama'!F300) | I300: =IF($A300="","",IF($G300<=$H300,"KRİTİK",IF($G300<=$H300*1.3,"DİKKAT","NORMAL")))
A303: Not: KRİTİK = mevcut stok kritik seviyenin altında/eşit, DİKKAT = kritik seviyenin %0-30 üzerinde, NORMAL = %30 üzeri.

Sheet Aylık Hareket Raporu
A1: KARS BELEDİYESİ AYLIK MALZEME HAREKET RAPORU
A4: Kategori Seçin: | B4: İnşaat Malzemesi | D4: Ay Seçin: | E4: Ocak
A6: Malzeme Kodu | B6: Malzeme Adı | C6: Birim | D6: Aya Ait Giriş | E6: Aya Ait Çıkış | F6: Net Hareket | G6: Dönem Sonu Stok
A7: =IF('Malzeme Tanımlama'!A5="","",IF('Malzeme Tanımlama'!C5=$B$4,'Malzeme Tanımlama'!A5,"")) | B7: =IF($A7="","",'Malzeme Tanımlama'!B5) | C7: =IF($A7="","",'Malzeme Tanımlama'!D5) | D7: =IF($A7="","",SUMIFS('Stok Hareketleri'!$G$5:$G$2000,'Stok Hareketleri'!$D$5:$D$2000,$A7,'Stok Hareketleri'!$F$5:$F$2000,"Giriş",'Stok Hareketleri'!$C$5:$C$2000,$E$4)) | E7: =IF($A7="","",SUMIFS('Stok Hareketleri'!$G$5:$G$2000,'Stok Hareketleri'!$D$5:$D$2000,$A7,'Stok Hareketleri'!$F$5:$F$2000,"Çıkış",'Stok Hareketleri'!$C$5:$C$2000,$E$4)) | F7: =IF($A7="","",$D7-$E7) | G7: =IF($A7="","",IFERROR(INDEX('Stok Durumu'!$G$5:$G$300,MATCH($A7,'Stok Durumu'!$A$5:$A$300,0)),""))
A8: =IF('Malzeme Tanımlama'!A6="","",IF('Malzeme Tanımlama'!C6=$B$4,'Malzeme Tanımlama'!A6,"")) | B8: =IF($A8="","",'Malzeme Tanımlama'!B6) | C8: =IF($A8="","",'Malzeme Tanımlama'!D6) | D8: =IF($A8="","",SUMIFS('Stok Hareketleri'!$G$5:$G$2000,'Stok Hareketleri'!$D$5:$D$2000,$A8,'Stok Hareketleri'!$F$5:$F$2000,"Giriş",'Stok Hareketleri'!$C$5:$C$2000,$E$4)) | E8: =IF($A8="","",SUMIFS('Stok Hareketleri'!$G$5:$G$2000,'Stok Hareketleri'!$D$5:$D$2000,$A8,'Stok Hareketleri'!$F$5:$F$2000,"Çıkış",'Stok Hareketleri'!$C$5:$C$2000,$E$4)) | F8: =IF($A8="","",$D8-$E8) | G8: =IF($A8="","",IFERROR(INDEX('Stok Durumu'!$G$5:$G$300,MATCH($A8,'Stok Durumu'!$A$5:$A$300,0)),""))
A9: =IF('Malzeme Tanımlama'!A7="","",IF('Malzeme Tanımlama'!C7=$B$4,'Malzeme Tanımlama'!A7,"")) | B9: =IF($A9="","",'Malzeme Tanımlama'!B7) | C9: =IF($A9="","",'Malzeme Tanımlama'!D7) | D9: =IF($A9="","",SUMIFS('Stok Hareketleri'!$G$5:$G$2000,'Stok Hareketleri'!$D$5:$D$2000,$A9,'Stok Hareketleri'!$F$5:$F$2000,"Giriş",'Stok Hareketleri'!$C$5:$C$2000,$E$4)) | E9: =IF($A9="","",SUMIFS('Stok Hareketleri'!$G$5:$G$2000,'Stok Hareketleri'!$D$5:$D$2000,$A9,'Stok Hareketleri'!$F$5:$F$2000,"Çıkış",'Stok Hareketleri'!$C$5:$C$2000,$E$4)) | F9: =IF($A9="","",$D9-$E9) | G9: =IF($A9="","",IFERROR(INDEX('Stok Durumu'!$G$5:$G$300,MATCH($A9,'Stok Durumu'!$A$5:$A$300,0)),""))
A10: =IF('Malzeme Tanımlama'!A8="","",IF('Malzeme Tanımlama'!C8=$B$4,'Malzeme Tanımlama'!A8,"")) | B10: =IF($A10="","",'Malzeme Tanımlama'!B8) | C10: =IF($A10="","",'Malzeme Tanımlama'!D8) | D10: =IF($A10="","",SUMIFS('Stok Hareketleri'!$G$5:$G$2000,'Stok Hareketleri'!$D$5:$D$2000,$A10,'Stok Hareketleri'!$F$5:$F$2000,"Giriş",'Stok Hareketleri'!$C$5:$C$2000,$E$4)) | E10: =IF($A10="","",SUMIFS('Stok Hareketleri'!$G$5:$G$2000,'Stok Hareketleri'!$D$5:$D$2000,$A10,'Stok Hareketleri'!$F$5:$F$2000,"Çıkış",'Stok Hareketleri'!$C$5:$C$2000,$E$4)) | F10: =IF($A10="","",$D10-$E10) | G10: =IF($A10="","",IFERROR(INDEX('Stok Durumu'!$G$5:$G$300,MATCH($A10,'Stok Durumu'!$A$5:$A$300,0)),""))
A11: =IF('Malzeme Tanımlama'!A9="","",IF('Malzeme Tanımlama'!C9=$B$4,'Malzeme Tanımlama'!A9,"")) | B11: =IF($A11="","",'Malzeme Tanımlama'!B9) | C11: =IF($A11="","",'Malzeme Tanımlama'!D9) | D11: =IF($A11="","",SUMIFS('Stok Hareketleri'!$G$5:$G$2000,'Stok Hareketleri'!$D$5:$D$2000,$A11,'Stok Hareketleri'!$F$5:$F$2000,"Giriş",'Stok Hareketleri'!$C$5:$C$2000,$E$4)) | E11: =IF($A11="","",SUMIFS('Stok Hareketleri'!$G$5:$G$2000,'Stok Hareketleri'!$D$5:$D$2000,$A11,'Stok Hareketleri'!$F$5:$F$2000,"Çıkış",'Stok Hareketleri'!$C$5:$C$2000,$E$4)) | F11: =IF($A11="","",$D11-$E11) | G11: =IF($A11="","",IFERROR(INDEX('Stok Durumu'!$G$5:$G$300,MATCH($A11,'Stok Durumu'!$A$5:$A$300,0)),""))
A12: =IF('Malzeme Tanımlama'!A10="","",IF('Malzeme Tanımlama'!C10=$B$4,'Malzeme Tanımlama'!A10,"")) | B12: =IF($A12="","",'Malzeme Tanımlama'!B10) | C12: =IF($A12="","",'Malzeme Tanımlama'!D10) | D12: =IF($A12="","",SUMIFS('Stok Hareketleri'!$G$5:$G$2000,'Stok Hareketleri'!$D$5:$D$2000,$A12,'Stok Hareketleri'!$F$5:$F$2000,"Giriş",'Stok Hareketleri'!$C$5:$C$2000,$E$4)) | E12: =IF($A12="","",SUMIFS('Stok Hareketleri'!$G$5:$G$2000,'Stok Hareketleri'!$D$5:$D$2000,$A12,'Stok Hareketleri'!$F$5:$F$2000,"Çıkış",'Stok Hareketleri'!$C$5:$C$2000,$E$4)) | F12: =IF($A12="","",$D12-$E12) | G12: =IF($A12="","",IFERROR(INDEX('Stok Durumu'!$G$5:$G$300,MATCH($A12,'Stok Durumu'!$A$5:$A$300,0)),""))
A13: =IF('Malzeme Tanımlama'!A11="","",IF('Malzeme Tanımlama'!C11=$B$4,'Malzeme Tanımlama'!A11,"")) | B13: =IF($A13="","",'Malzeme Tanımlama'!B11) | C13: =IF($A13="","",'Malzeme Tanımlama'!D11) | D13: =IF($A13="","",SUMIFS('Stok Hareketleri'!$G$5:$G$2000,'Stok Hareketleri'!$D$5:$D$2000,$A13,'Stok Hareketleri'!$F$5:$F$2000,"Giriş",'Stok Hareketleri'!$C$5:$C$2000,$E$4)) | E13: =IF($A13="","",SUMIFS('Stok Hareketleri'!$G$5:$G$2000,'Stok Hareketleri'!$D$5:$D$2000,$A13,'Stok Hareketleri'!$F$5:$F$2000,"Çıkış",'Stok Hareketleri'!$C$5:$C$2000,$E$4)) | F13: =IF($A13="","",$D13-$E13) | G13: =IF($A13="","",IFERROR(INDEX('Stok Durumu'!$G$5:$G$300,MATCH($A13,'Stok Durumu'!$A$5:$A$300,0)),""))
A14: =IF('Malzeme Tanımlama'!A12="","",IF('Malzeme Tanımlama'!C12=$B$4,'Malzeme Tanımlama'!A12,"")) | B14: =IF($A14="","",'Malzeme Tanımlama'!B12) | C14: =IF($A14="","",'Malzeme Tanımlama'!D12) | D14: =IF($A14="","",SUMIFS('Stok Hareketleri'!$G$5:$G$2000,'Stok Hareketleri'!$D$5:$D$2000,$A14,'Stok Hareketleri'!$F$5:$F$2000,"Giriş",'Stok Hareketleri'!$C$5:$C$2000,$E$4)) | E14: =IF($A14="","",SUMIFS('Stok Hareketleri'!$G$5:$G$2000,'Stok Hareketleri'!$D$5:$D$2000,$A14,'Stok Hareketleri'!$F$5:$F$2000,"Çıkış",'Stok Hareketleri'!$C$5:$C$2000,$E$4)) | F14: =IF($A14="","",$D14-$E14) | G14: =IF($A14="","",IFERROR(INDEX('Stok Durumu'!$G$5:$G$300,MATCH($A14,'Stok Durumu'!$A$5:$A$300,0)),""))
A15: =IF('Malzeme Tanımlama'!A13="","",IF('Malzeme Tanımlama'!C13=$B$4,'Malzeme Tanımlama'!A13,"")) | B15: =IF($A15="","",'Malzeme Tanımlama'!B13) | C15: =IF($A15="","",'Malzeme Tanımlama'!D13) | D15: =IF($A15="","",SUMIFS('Stok Hareketleri'!$G$5:$G$2000,'Stok Hareketleri'!$D$5:$D$2000,$A15,'Stok Hareketleri'!$F$5:$F$2000,"Giriş",'Stok Hareketleri'!$C$5:$C$2000,$E$4)) | E15: =IF($A15="","",SUMIFS('Stok Hareketleri'!$G$5:$G$2000,'Stok Hareketleri'!$D$5:$D$2000,$A15,'Stok Hareketleri'!$F$5:$F$2000,"Çıkış",'Stok Hareketleri'!$C$5:$C$2000,$E$4)) | F15: =IF($A15="","",$D15-$E15) | G15: =IF($A15="","",IFERROR(INDEX('Stok Durumu'!$G$5:$G$300,MATCH($A15,'Stok Durumu'!$A$5:$A$300,0)),""))
A16: =IF('Malzeme Tanımlama'!A14="","",IF('Malzeme Tanımlama'!C14=$B$4,'Malzeme Tanımlama'!A14,"")) | B16: =IF($A16="","",'Malzeme Tanımlama'!B14) | C16: =IF($A16="","",'Malzeme Tanımlama'!D14) | D16: =IF($A16="","",SUMIFS('Stok Hareketleri'!$G$5:$G$2000,'Stok Hareketleri'!$D$5:$D$2000,$A16,'Stok Hareketleri'!$F$5:$F$2000,"Giriş",'Stok Hareketleri'!$C$5:$C$2000,$E$4)) | E16: =IF($A16="","",SUMIFS('Stok Hareketleri'!$G$5:$G$2000,'Stok Hareketleri'!$D$5:$D$2000,$A16,'Stok Hareketleri'!$F$5:$F$2000,"Çıkış",'Stok Hareketleri'!$C$5:$C$2000,$E$4)) | F16: =IF($A16="","",$D16-$E16) | G16: =IF($A16="","",IFERROR(INDEX('Stok Durumu'!$G$5:$G$300,MATCH($A16,'Stok Durumu'!$A$5:$A$300,0)),""))
A17: =IF('Malzeme Tanımlama'!A15="","",IF('Malzeme Tanımlama'!C15=$B$4,'Malzeme Tanımlama'!A15,"")) | B17: =IF($A17="","",'Malzeme Tanımlama'!B15) | C17: =IF($A17="","",'Malzeme Tanımlama'!D15) | D17: =IF($A17="","",SUMIFS('Stok Hareketleri'!$G$5:$G$2000,'Stok Hareketleri'!$D$5:$D$2000,$A17,'Stok Hareketleri'!$F$5:$F$2000,"Giriş",'Stok Hareketleri'!$C$5:$C$2000,$E$4)) | E17: =IF($A17="","",SUMIFS('Stok Hareketleri'!$G$5:$G$2000,'Stok Hareketleri'!$D$5:$D$2000,$A17,'Stok Hareketleri'!$F$5:$F$2000,"Çıkış",'Stok Hareketleri'!$C$5:$C$2000,$E$4)) | F17: =IF($A17="","",$D17-$E17) | G17: =IF($A17="","",IFERROR(INDEX('Stok Durumu'!$G$5:$G$300,MATCH($A17,'Stok Durumu'!$A$5:$A$300,0)),""))
A18: =IF('Malzeme Tanımlama'!A16="","",IF('Malzeme Tanımlama'!C16=$B$4,'Malzeme Tanımlama'!A16,"")) | B18: =IF($A18="","",'Malzeme Tanımlama'!B16) | C18: =IF($A18="","",'Malzeme Tanımlama'!D16) | D18: =IF($A18="","",SUMIFS('Stok Hareketleri'!$G$5:$G$2000,'Stok Hareketleri'!$D$5:$D$2000,$A18,'Stok Hareketleri'!$F$5:$F$2000,"Giriş",'Stok Hareketleri'!$C$5:$C$2000,$E$4)) | E18: =IF($A18="","",SUMIFS('Stok Hareketleri'!$G$5:$G$2000,'Stok Hareketleri'!$D$5:$D$2000,$A18,'Stok Hareketleri'!$F$5:$F$2000,"Çıkış",'Stok Hareketleri'!$C$5:$C$2000,$E$4)) | F18: =IF($A18="","",$D18-$E18) | G18: =IF($A18="","",IFERROR(INDEX('Stok Durumu'!$G$5:$G$300,MATCH($A18,'Stok Durumu'!$A$5:$A$300,0)),""))
... A302: =IF('Malzeme Tanımlama'!A300="","",IF('Malzeme Tanımlama'!C300=$B$4,'Malzeme Tanımlama'!A300,"")) | B302: =IF($A302="","",'Malzeme Tanımlama'!B300) | C302: =IF($A302="","",'Malzeme Tanımlama'!D300) | D302: =IF($A302="","",SUMIFS('Stok Hareketleri'!$G$5:$G$2000,'Stok Hareketleri'!$D$5:$D$2000,$A302,'Stok Hareketleri'!$F$5:$F$2000,"Giriş",'Stok Hareketleri'!$C$5:$C$2000,$E$4)) | E302: =IF($A302="","",SUMIFS('Stok Hareketleri'!$G$5:$G$2000,'Stok Hareketleri'!$D$5:$D$2000,$A302,'Stok Hareketleri'!$F$5:$F$2000,"Çıkış",'Stok Hareketleri'!$C$5:$C$2000,$E$4)) | F302: =IF($A302="","",$D302-$E302) | G302: =IF($A302="","",IFERROR(INDEX('Stok Durumu'!$G$5:$G$300,MATCH($A302,'Stok Durumu'!$A$5:$A$300,0)),""))
A303: TOPLAM | D303: =SUM(D7:D302) -> 0 | E303: =SUM(E7:E302) -> 0 | F303: =SUM(F7:F302) -> 0
A305: Not: Boş satırlar seçilen kategoriye ait malzeme bulunmadığını gösterir, göz ardı edilebilir.
A306: Kars Belediyesi Fen İşleri Müdürlüğü
A308: Hazırlayan | C308: Kontrol Eden | E308: Onaylayan

Sheet Parametreler
A1: PARAMETRELER (Açılır Liste Kaynakları)
A3: Müdürlükler | B3: Kategori | C3: Birim | D3: Depo Lokasyonu | E3: Hareket Türü | F3: Ay
A4: Fen İşleri Müdürlüğü | B4: İnşaat Malzemesi | C4: Adet | D4: Ana Depo (Merkez) | E4: Giriş | F4: Ocak
A5: Su ve Kanalizasyon Müdürlüğü | B5: Elektrik Malzemesi | C5: Kg | D5: Fen İşleri Şantiye Deposu | E5: Çıkış | F5: Şubat
A6: İmar ve Şehircilik Müdürlüğü | B6: Sıhhi Tesisat Malzemesi | C6: Lt | D6: Beton Santrali Deposu | F6: Mart
A7: Temizlik İşleri Müdürlüğü | B7: Boya/Kimyasal | C7: Metre | D7: Asfalt Plent Deposu | F7: Nisan
A8: Park ve Bahçeler Müdürlüğü | B8: Yedek Parça (Araç/İş Makinesi) | C8: M² | D8: Araç Bakım Atölyesi Deposu | F8: Mayıs
A9: Zabıta Müdürlüğü | B9: El Aletleri | C9: M³ | F9: Haziran
A10: Mali Hizmetler Müdürlüğü | B10: Kırtasiye/Ofis Malzemesi | C10: Paket | F10: Temmuz
A11: İnsan Kaynakları Müdürlüğü | B11: Temizlik Malzemesi | C11: Kutu | F11: Ağustos
A12: Destek Hizmetleri Müdürlüğü | B12: İş Güvenliği Malzemesi (KKD) | C12: Rulo | F12: Eylül
A13: Kültür ve Sosyal İşler Müdürlüğü | B13: Kaynak/Metal Malzemesi | C13: Takım | F13: Ekim
A14: Veteriner İşleri Müdürlüğü | B14: Diğer | C14: Ton | F14: Kasım
A15: Yazı İşleri Müdürlüğü | F15: Aralık
A16: Ulaşım Hizmetleri Müdürlüğü
A17: Emlak ve İstimlak Müdürlüğü
