Workbook

Sheet 🚜 Araç Havuzu
A1: 🏛️ KARS BELEDİYESİ — ARAÇ HAVUZU YÖNETİM SİSTEMİ
A2: Araç ve İş Makinesi Takip Çizelgesi
A3: =TODAY() -> 46216 | E3: ↓ Araç eklemek için son satırın altına devam edin | Durum açılır listeden seçilir
A4: ARAÇ NO (Plaka) | B4: CİNSİ | C4: MARKA/MODEL | D4: YAKIT TİPİ | E4: KAPASİTE | F4: YILI | G4: MUAYENE TARİHİ | H4: SİGORTA BİTİŞ | I4: BAKIM KM/SAATİ | J4: MEVCUT DURUM | K4: BAĞLI MÜDÜRLÜK | L4: ŞOFÖR/ OPERATÖR | M4: SON ÇIKIŞ TARİHİ | N4: SON GİRİŞ TARİHİ | O4: TOPLAM GÖREV | P4: NOTLAR
O5: =IFERROR(COUNTIF('📋 Görev Formu'!C:C,A5),"") -> 0
O6: =IFERROR(COUNTIF('📋 Görev Formu'!C:C,A6),"") -> 0
O7: =IFERROR(COUNTIF('📋 Görev Formu'!C:C,A7),"") -> 0
O8: =IFERROR(COUNTIF('📋 Görev Formu'!C:C,A8),"") -> 0
O9: =IFERROR(COUNTIF('📋 Görev Formu'!C:C,A9),"") -> 0
O10: =IFERROR(COUNTIF('📋 Görev Formu'!C:C,A10),"") -> 0
O11: =IFERROR(COUNTIF('📋 Görev Formu'!C:C,A11),"") -> 0
O12: =IFERROR(COUNTIF('📋 Görev Formu'!C:C,A12),"") -> 0
O13: =IFERROR(COUNTIF('📋 Görev Formu'!C:C,A13),"") -> 0
O14: =IFERROR(COUNTIF('📋 Görev Formu'!C:C,A14),"") -> 0
O15: =IFERROR(COUNTIF('📋 Görev Formu'!C:C,A15),"") -> 0
O16: =IFERROR(COUNTIF('📋 Görev Formu'!C:C,A16),"") -> 0
... O54: =IFERROR(COUNTIF('📋 Görev Formu'!C:C,A54),"") -> 0

Sheet 📋 Görev Formu
A1: 📋 KARS BELEDİYESİ — ARAÇ GÖREVLENDİRME FORMU
A2: Araç talep, çıkış ve giriş saatleri ile görev detayları
A3: =TODAY() -> 46216 | E3: 💡 Yeni görev: Araç No açılır listeden seçin — Araç Cinsi otomatik gelir
A4: GÖREV NO | B4: TALEP TARİHİ | C4: ARAÇ NO (Plaka) | D4: ARAÇ CİNSİ | E4: TALEBİ YAPAN MÜDÜRLÜK | F4: GÖREV YERİ | G4: GÖREV TANIMI | H4: ÇIKIŞ TARİHİ | I4: ÇIKIŞ SAATİ | J4: GİRİŞ TARİHİ | K4: GİRİŞ SAATİ | L4: SÜRE (Saat) | M4: OPERATÖR/ ŞOFÖR | N4: KM/SAAT | O4: ONAYLAYAN | P4: DURUM | Q4: NOT | R4: MALİYET (₺)
D5: =IFERROR(VLOOKUP(C5,'🚜 Araç Havuzu'!$A:$B,2,0),"") | M5: =IFERROR(VLOOKUP(C5,'🚜 Araç Havuzu'!$A:$L,12,0),"")
D6: =IFERROR(VLOOKUP(C6,'🚜 Araç Havuzu'!$A:$B,2,0),"") | M6: =IFERROR(VLOOKUP(C6,'🚜 Araç Havuzu'!$A:$L,12,0),"")
D7: =IFERROR(VLOOKUP(C7,'🚜 Araç Havuzu'!$A:$B,2,0),"") | M7: =IFERROR(VLOOKUP(C7,'🚜 Araç Havuzu'!$A:$L,12,0),"")
D8: =IFERROR(VLOOKUP(C8,'🚜 Araç Havuzu'!$A:$B,2,0),"") | M8: =IFERROR(VLOOKUP(C8,'🚜 Araç Havuzu'!$A:$L,12,0),"")
D9: =IFERROR(VLOOKUP(C9,'🚜 Araç Havuzu'!$A:$B,2,0),"") | M9: =IFERROR(VLOOKUP(C9,'🚜 Araç Havuzu'!$A:$L,12,0),"")
D10: =IFERROR(VLOOKUP(C10,'🚜 Araç Havuzu'!$A:$B,2,0),"") | M10: =IFERROR(VLOOKUP(C10,'🚜 Araç Havuzu'!$A:$L,12,0),"")
D11: =IFERROR(VLOOKUP(C11,'🚜 Araç Havuzu'!$A:$B,2,0),"") | M11: =IFERROR(VLOOKUP(C11,'🚜 Araç Havuzu'!$A:$L,12,0),"")
D12: =IFERROR(VLOOKUP(C12,'🚜 Araç Havuzu'!$A:$B,2,0),"") | M12: =IFERROR(VLOOKUP(C12,'🚜 Araç Havuzu'!$A:$L,12,0),"")
D13: =IFERROR(VLOOKUP(C13,'🚜 Araç Havuzu'!$A:$B,2,0),"") | M13: =IFERROR(VLOOKUP(C13,'🚜 Araç Havuzu'!$A:$L,12,0),"")
D14: =IFERROR(VLOOKUP(C14,'🚜 Araç Havuzu'!$A:$B,2,0),"") | M14: =IFERROR(VLOOKUP(C14,'🚜 Araç Havuzu'!$A:$L,12,0),"")
D15: =IFERROR(VLOOKUP(C15,'🚜 Araç Havuzu'!$A:$B,2,0),"") | M15: =IFERROR(VLOOKUP(C15,'🚜 Araç Havuzu'!$A:$L,12,0),"")
D16: =IFERROR(VLOOKUP(C16,'🚜 Araç Havuzu'!$A:$B,2,0),"") | M16: =IFERROR(VLOOKUP(C16,'🚜 Araç Havuzu'!$A:$L,12,0),"")
... D104: =IFERROR(VLOOKUP(C104,'🚜 Araç Havuzu'!$A:$B,2,0),"") | M104: =IFERROR(VLOOKUP(C104,'🚜 Araç Havuzu'!$A:$L,12,0),"")

Sheet 🕐 Çıkış-Giriş Takip
A1: 🕐 GÜNLÜK ARAÇ ÇIKIŞ / GİRİŞ TAKİP ÇİZELGESİ
A2: Tarih bazlı anlık araç hareketleri
A3: =TODAY() -> 46216
A4: TARİH | B4: ARAÇ NO | C4: ARAÇ CİNSİ | D4: ŞOFÖR/OPERATÖR | E4: ÇIKIŞ SAATİ | F4: GİDİLEN YER | G4: GÖREV NO | H4: GERİ DÖNÜŞ SAATİ | I4: TOPLAM SÜRE (Sa) | J4: KM SAYACI ÇIKIŞ | K4: KM SAYACI GİRİŞ | L4: KM FARKI | M4: NOTLAR
C5: =IFERROR(VLOOKUP(B5,'🚜 Araç Havuzu'!$A:$B,2,0),"") | D5: =IFERROR(VLOOKUP(B5,'🚜 Araç Havuzu'!$A:$L,12,0),"") | I5: =IFERROR(IF(AND(E5<>"",H5<>""),MOD(TIMEVALUE(H5)-TIMEVALUE(E5),1)*24,""),"") | L5: =IF(AND(J5<>"",K5<>""),K5-J5,"")
C6: =IFERROR(VLOOKUP(B6,'🚜 Araç Havuzu'!$A:$B,2,0),"") | D6: =IFERROR(VLOOKUP(B6,'🚜 Araç Havuzu'!$A:$L,12,0),"") | I6: =IFERROR(IF(AND(E6<>"",H6<>""),MOD(TIMEVALUE(H6)-TIMEVALUE(E6),1)*24,""),"") | L6: =IF(AND(J6<>"",K6<>""),K6-J6,"")
C7: =IFERROR(VLOOKUP(B7,'🚜 Araç Havuzu'!$A:$B,2,0),"") | D7: =IFERROR(VLOOKUP(B7,'🚜 Araç Havuzu'!$A:$L,12,0),"") | I7: =IFERROR(IF(AND(E7<>"",H7<>""),MOD(TIMEVALUE(H7)-TIMEVALUE(E7),1)*24,""),"") | L7: =IF(AND(J7<>"",K7<>""),K7-J7,"")
C8: =IFERROR(VLOOKUP(B8,'🚜 Araç Havuzu'!$A:$B,2,0),"") | D8: =IFERROR(VLOOKUP(B8,'🚜 Araç Havuzu'!$A:$L,12,0),"") | I8: =IFERROR(IF(AND(E8<>"",H8<>""),MOD(TIMEVALUE(H8)-TIMEVALUE(E8),1)*24,""),"") | L8: =IF(AND(J8<>"",K8<>""),K8-J8,"")
C9: =IFERROR(VLOOKUP(B9,'🚜 Araç Havuzu'!$A:$B,2,0),"") | D9: =IFERROR(VLOOKUP(B9,'🚜 Araç Havuzu'!$A:$L,12,0),"") | I9: =IFERROR(IF(AND(E9<>"",H9<>""),MOD(TIMEVALUE(H9)-TIMEVALUE(E9),1)*24,""),"") | L9: =IF(AND(J9<>"",K9<>""),K9-J9,"")
C10: =IFERROR(VLOOKUP(B10,'🚜 Araç Havuzu'!$A:$B,2,0),"") | D10: =IFERROR(VLOOKUP(B10,'🚜 Araç Havuzu'!$A:$L,12,0),"") | I10: =IFERROR(IF(AND(E10<>"",H10<>""),MOD(TIMEVALUE(H10)-TIMEVALUE(E10),1)*24,""),"") | L10: =IF(AND(J10<>"",K10<>""),K10-J10,"")
C11: =IFERROR(VLOOKUP(B11,'🚜 Araç Havuzu'!$A:$B,2,0),"") | D11: =IFERROR(VLOOKUP(B11,'🚜 Araç Havuzu'!$A:$L,12,0),"") | I11: =IFERROR(IF(AND(E11<>"",H11<>""),MOD(TIMEVALUE(H11)-TIMEVALUE(E11),1)*24,""),"") | L11: =IF(AND(J11<>"",K11<>""),K11-J11,"")
C12: =IFERROR(VLOOKUP(B12,'🚜 Araç Havuzu'!$A:$B,2,0),"") | D12: =IFERROR(VLOOKUP(B12,'🚜 Araç Havuzu'!$A:$L,12,0),"") | I12: =IFERROR(IF(AND(E12<>"",H12<>""),MOD(TIMEVALUE(H12)-TIMEVALUE(E12),1)*24,""),"") | L12: =IF(AND(J12<>"",K12<>""),K12-J12,"")
C13: =IFERROR(VLOOKUP(B13,'🚜 Araç Havuzu'!$A:$B,2,0),"") | D13: =IFERROR(VLOOKUP(B13,'🚜 Araç Havuzu'!$A:$L,12,0),"") | I13: =IFERROR(IF(AND(E13<>"",H13<>""),MOD(TIMEVALUE(H13)-TIMEVALUE(E13),1)*24,""),"") | L13: =IF(AND(J13<>"",K13<>""),K13-J13,"")
C14: =IFERROR(VLOOKUP(B14,'🚜 Araç Havuzu'!$A:$B,2,0),"") | D14: =IFERROR(VLOOKUP(B14,'🚜 Araç Havuzu'!$A:$L,12,0),"") | I14: =IFERROR(IF(AND(E14<>"",H14<>""),MOD(TIMEVALUE(H14)-TIMEVALUE(E14),1)*24,""),"") | L14: =IF(AND(J14<>"",K14<>""),K14-J14,"")
C15: =IFERROR(VLOOKUP(B15,'🚜 Araç Havuzu'!$A:$B,2,0),"") | D15: =IFERROR(VLOOKUP(B15,'🚜 Araç Havuzu'!$A:$L,12,0),"") | I15: =IFERROR(IF(AND(E15<>"",H15<>""),MOD(TIMEVALUE(H15)-TIMEVALUE(E15),1)*24,""),"") | L15: =IF(AND(J15<>"",K15<>""),K15-J15,"")
C16: =IFERROR(VLOOKUP(B16,'🚜 Araç Havuzu'!$A:$B,2,0),"") | D16: =IFERROR(VLOOKUP(B16,'🚜 Araç Havuzu'!$A:$L,12,0),"") | I16: =IFERROR(IF(AND(E16<>"",H16<>""),MOD(TIMEVALUE(H16)-TIMEVALUE(E16),1)*24,""),"") | L16: =IF(AND(J16<>"",K16<>""),K16-J16,"")
... C104: =IFERROR(VLOOKUP(B104,'🚜 Araç Havuzu'!$A:$B,2,0),"") | D104: =IFERROR(VLOOKUP(B104,'🚜 Araç Havuzu'!$A:$L,12,0),"") | I104: =IFERROR(IF(AND(E104<>"",H104<>""),MOD(TIMEVALUE(H104)-TIMEVALUE(E104),1)*24,""),"") | L104: =IF(AND(J104<>"",K104<>""),K104-J104,"")

Sheet 📊 Müdürlük Özeti
A1: 📊 MÜDÜRLÜK BAZLI ARAÇ KULLANIM ÖZET PANELİ
A2: Formüle dayalı otomatik özet — Görev Formu güncellenince panel otomatik güncellenir
A3: =TODAY() -> 46216
A4: MÜDÜRLÜk ADI | B4: TOPLAM GÖREV | C4: TAMAMLANAN | D4: DEVAM EDEN | E4: PLANLANAN | F4: İPTAL | G4: TOPLAM SÜRE (Saat) | I4: ARAÇ TİPİ BAZLI ÖZET | N4: Müdürlük (Kısa) | O4: Toplam | P4: Tamamlanan | Q4: Devam Eden | R4: Süre(Sa) | T4: Araç Tipi | U4: Toplam Görev | V4: Süre(Sa) | W4: Adet | Y4: Durum | Z4: Sayı
A5: Fen İşleri Müdürlüğü | B5: =COUNTIF('📋 Görev Formu'!E:E,A5) -> 0 | C5: =COUNTIFS('📋 Görev Formu'!E:E,A5,'📋 Görev Formu'!P:P,"✅ Tamamlandı") -> 0 | D5: =COUNTIFS('📋 Görev Formu'!E:E,A5,'📋 Görev Formu'!P:P,"🔄 Devam Ediyor") -> 0 | E5: =COUNTIFS('📋 Görev Formu'!E:E,A5,'📋 Görev Formu'!P:P,"⏳ Planlandı") -> 0 | F5: =COUNTIFS('📋 Görev Formu'!E:E,A5,'📋 Görev Formu'!P:P,"❌ İptal Edildi") -> 0 | G5: =IFERROR(SUMIFS('📋 Görev Formu'!L:L,'📋 Görev Formu'!E:E,A5),0) -> 0 | I5: Araç Tipi | J5: Toplam Görev | K5: Toplam Süre (Sa) | L5: Araç Sayısı | N5: Fen İşleri | O5: =B5 -> 0 | P5: =C5 -> 0 | Q5: =D5 -> 0 | R5: =G5 -> 0 | T5: =I6 -> Loder | U5: =J6 -> 0 | V5: =K6 -> 0 | W5: =L6 -> 0 | Y5: Tamamlandı | Z5: =COUNTIF('📋 Görev Formu'!P:P,"✅ Tamamlandı") -> 0
A6: Su ve Kanalizasyon Müdürlüğü | B6: =COUNTIF('📋 Görev Formu'!E:E,A6) -> 0 | C6: =COUNTIFS('📋 Görev Formu'!E:E,A6,'📋 Görev Formu'!P:P,"✅ Tamamlandı") -> 0 | D6: =COUNTIFS('📋 Görev Formu'!E:E,A6,'📋 Görev Formu'!P:P,"🔄 Devam Ediyor") -> 0 | E6: =COUNTIFS('📋 Görev Formu'!E:E,A6,'📋 Görev Formu'!P:P,"⏳ Planlandı") -> 0 | F6: =COUNTIFS('📋 Görev Formu'!E:E,A6,'📋 Görev Formu'!P:P,"❌ İptal Edildi") -> 0 | G6: =IFERROR(SUMIFS('📋 Görev Formu'!L:L,'📋 Görev Formu'!E:E,A6),0) -> 0 | I6: Loder | J6: =COUNTIF('📋 Görev Formu'!D:D,I6) -> 0 | K6: =IFERROR(SUMIF('📋 Görev Formu'!D:D,I6,'📋 Görev Formu'!L:L),0) -> 0 | L6: =COUNTIF('🚜 Araç Havuzu'!B:B,I6) -> 0 | N6: Su ve Kan. | O6: =B6 -> 0 | P6: =C6 -> 0 | Q6: =D6 -> 0 | R6: =G6 -> 0 | T6: =I7 -> Ekskavatör | U6: =J7 -> 0 | V6: =K7 -> 0 | W6: =L7 -> 0 | Y6: Devam Ediyor | Z6: =COUNTIF('📋 Görev Formu'!P:P,"🔄 Devam Ediyor") -> 0
A7: Temizlik İşleri Müdürlüğü | B7: =COUNTIF('📋 Görev Formu'!E:E,A7) -> 0 | C7: =COUNTIFS('📋 Görev Formu'!E:E,A7,'📋 Görev Formu'!P:P,"✅ Tamamlandı") -> 0 | D7: =COUNTIFS('📋 Görev Formu'!E:E,A7,'📋 Görev Formu'!P:P,"🔄 Devam Ediyor") -> 0 | E7: =COUNTIFS('📋 Görev Formu'!E:E,A7,'📋 Görev Formu'!P:P,"⏳ Planlandı") -> 0 | F7: =COUNTIFS('📋 Görev Formu'!E:E,A7,'📋 Görev Formu'!P:P,"❌ İptal Edildi") -> 0 | G7: =IFERROR(SUMIFS('📋 Görev Formu'!L:L,'📋 Görev Formu'!E:E,A7),0) -> 0 | I7: Ekskavatör | J7: =COUNTIF('📋 Görev Formu'!D:D,I7) -> 0 | K7: =IFERROR(SUMIF('📋 Görev Formu'!D:D,I7,'📋 Görev Formu'!L:L),0) -> 0 | L7: =COUNTIF('🚜 Araç Havuzu'!B:B,I7) -> 0 | N7: Temizlik | O7: =B7 -> 0 | P7: =C7 -> 0 | Q7: =D7 -> 0 | R7: =G7 -> 0 | T7: =I8 -> JCB | U7: =J8 -> 0 | V7: =K8 -> 0 | W7: =L8 -> 0 | Y7: Planlandı | Z7: =COUNTIF('📋 Görev Formu'!P:P,"⏳ Planlandı") -> 0
A8: Park ve Bahçeler Müdürlüğü | B8: =COUNTIF('📋 Görev Formu'!E:E,A8) -> 0 | C8: =COUNTIFS('📋 Görev Formu'!E:E,A8,'📋 Görev Formu'!P:P,"✅ Tamamlandı") -> 0 | D8: =COUNTIFS('📋 Görev Formu'!E:E,A8,'📋 Görev Formu'!P:P,"🔄 Devam Ediyor") -> 0 | E8: =COUNTIFS('📋 Görev Formu'!E:E,A8,'📋 Görev Formu'!P:P,"⏳ Planlandı") -> 0 | F8: =COUNTIFS('📋 Görev Formu'!E:E,A8,'📋 Görev Formu'!P:P,"❌ İptal Edildi") -> 0 | G8: =IFERROR(SUMIFS('📋 Görev Formu'!L:L,'📋 Görev Formu'!E:E,A8),0) -> 0 | I8: JCB | J8: =COUNTIF('📋 Görev Formu'!D:D,I8) -> 0 | K8: =IFERROR(SUMIF('📋 Görev Formu'!D:D,I8,'📋 Görev Formu'!L:L),0) -> 0 | L8: =COUNTIF('🚜 Araç Havuzu'!B:B,I8) -> 0 | N8: Park ve Bah. | O8: =B8 -> 0 | P8: =C8 -> 0 | Q8: =D8 -> 0 | R8: =G8 -> 0 | T8: =I9 -> Kamyon | U8: =J9 -> 0 | V8: =K9 -> 0 | W8: =L9 -> 0 | Y8: İptal Edildi | Z8: =COUNTIF('📋 Görev Formu'!P:P,"❌ İptal Edildi") -> 0
A9: Zabıta Müdürlüğü | B9: =COUNTIF('📋 Görev Formu'!E:E,A9) -> 0 | C9: =COUNTIFS('📋 Görev Formu'!E:E,A9,'📋 Görev Formu'!P:P,"✅ Tamamlandı") -> 0 | D9: =COUNTIFS('📋 Görev Formu'!E:E,A9,'📋 Görev Formu'!P:P,"🔄 Devam Ediyor") -> 0 | E9: =COUNTIFS('📋 Görev Formu'!E:E,A9,'📋 Görev Formu'!P:P,"⏳ Planlandı") -> 0 | F9: =COUNTIFS('📋 Görev Formu'!E:E,A9,'📋 Görev Formu'!P:P,"❌ İptal Edildi") -> 0 | G9: =IFERROR(SUMIFS('📋 Görev Formu'!L:L,'📋 Görev Formu'!E:E,A9),0) -> 0 | I9: Kamyon | J9: =COUNTIF('📋 Görev Formu'!D:D,I9) -> 0 | K9: =IFERROR(SUMIF('📋 Görev Formu'!D:D,I9,'📋 Görev Formu'!L:L),0) -> 0 | L9: =COUNTIF('🚜 Araç Havuzu'!B:B,I9) -> 0 | N9: Zabıta | O9: =B9 -> 0 | P9: =C9 -> 0 | Q9: =D9 -> 0 | R9: =G9 -> 0 | T9: =I10 -> Transit | U9: =J10 -> 0 | V9: =K10 -> 0 | W9: =L10 -> 0
A10: Yazı İşleri Müdürlüğü | B10: =COUNTIF('📋 Görev Formu'!E:E,A10) -> 0 | C10: =COUNTIFS('📋 Görev Formu'!E:E,A10,'📋 Görev Formu'!P:P,"✅ Tamamlandı") -> 0 | D10: =COUNTIFS('📋 Görev Formu'!E:E,A10,'📋 Görev Formu'!P:P,"🔄 Devam Ediyor") -> 0 | E10: =COUNTIFS('📋 Görev Formu'!E:E,A10,'📋 Görev Formu'!P:P,"⏳ Planlandı") -> 0 | F10: =COUNTIFS('📋 Görev Formu'!E:E,A10,'📋 Görev Formu'!P:P,"❌ İptal Edildi") -> 0 | G10: =IFERROR(SUMIFS('📋 Görev Formu'!L:L,'📋 Görev Formu'!E:E,A10),0) -> 0 | I10: Transit | J10: =COUNTIF('📋 Görev Formu'!D:D,I10) -> 0 | K10: =IFERROR(SUMIF('📋 Görev Formu'!D:D,I10,'📋 Görev Formu'!L:L),0) -> 0 | L10: =COUNTIF('🚜 Araç Havuzu'!B:B,I10) -> 0 | N10: Yazı İşleri | O10: =B10 -> 0 | P10: =C10 -> 0 | Q10: =D10 -> 0 | R10: =G10 -> 0 | T10: =I11 -> Lowbet | U10: =J11 -> 0 | V10: =K11 -> 0 | W10: =L11 -> 0
A11: Kültür ve Sosyal İşler Müdürlüğü | B11: =COUNTIF('📋 Görev Formu'!E:E,A11) -> 0 | C11: =COUNTIFS('📋 Görev Formu'!E:E,A11,'📋 Görev Formu'!P:P,"✅ Tamamlandı") -> 0 | D11: =COUNTIFS('📋 Görev Formu'!E:E,A11,'📋 Görev Formu'!P:P,"🔄 Devam Ediyor") -> 0 | E11: =COUNTIFS('📋 Görev Formu'!E:E,A11,'📋 Görev Formu'!P:P,"⏳ Planlandı") -> 0 | F11: =COUNTIFS('📋 Görev Formu'!E:E,A11,'📋 Görev Formu'!P:P,"❌ İptal Edildi") -> 0 | G11: =IFERROR(SUMIFS('📋 Görev Formu'!L:L,'📋 Görev Formu'!E:E,A11),0) -> 0 | I11: Lowbet | J11: =COUNTIF('📋 Görev Formu'!D:D,I11) -> 0 | K11: =IFERROR(SUMIF('📋 Görev Formu'!D:D,I11,'📋 Görev Formu'!L:L),0) -> 0 | L11: =COUNTIF('🚜 Araç Havuzu'!B:B,I11) -> 0 | N11: Kültür/Sos. | O11: =B11 -> 0 | P11: =C11 -> 0 | Q11: =D11 -> 0 | R11: =G11 -> 0 | T11: =I12 -> Vidanjör | U11: =J12 -> 0 | V11: =K12 -> 0 | W11: =L12 -> 0
A12: Diğer | B12: =COUNTIF('📋 Görev Formu'!E:E,A12) -> 0 | C12: =COUNTIFS('📋 Görev Formu'!E:E,A12,'📋 Görev Formu'!P:P,"✅ Tamamlandı") -> 0 | D12: =COUNTIFS('📋 Görev Formu'!E:E,A12,'📋 Görev Formu'!P:P,"🔄 Devam Ediyor") -> 0 | E12: =COUNTIFS('📋 Görev Formu'!E:E,A12,'📋 Görev Formu'!P:P,"⏳ Planlandı") -> 0 | F12: =COUNTIFS('📋 Görev Formu'!E:E,A12,'📋 Görev Formu'!P:P,"❌ İptal Edildi") -> 0 | G12: =IFERROR(SUMIFS('📋 Görev Formu'!L:L,'📋 Görev Formu'!E:E,A12),0) -> 0 | I12: Vidanjör | J12: =COUNTIF('📋 Görev Formu'!D:D,I12) -> 0 | K12: =IFERROR(SUMIF('📋 Görev Formu'!D:D,I12,'📋 Görev Formu'!L:L),0) -> 0 | L12: =COUNTIF('🚜 Araç Havuzu'!B:B,I12) -> 0 | N12: Diğer | O12: =B12 -> 0 | P12: =C12 -> 0 | Q12: =D12 -> 0 | R12: =G12 -> 0 | T12: =I13 -> Oto Karasfalt Finişeri | U12: =J13 -> 0 | V12: =K13 -> 0 | W12: =L13 -> 0
A13: GENEL TOPLAM | B13: =SUM(B5:B12) -> 0 | C13: =SUM(C5:C12) -> 0 | D13: =SUM(D5:D12) -> 0 | E13: =SUM(E5:E12) -> 0 | F13: =SUM(F5:F12) -> 0 | G13: =SUM(G5:G12) -> 0 | I13: Oto Karasfalt Finişeri | J13: =COUNTIF('📋 Görev Formu'!D:D,I13) -> 0 | K13: =IFERROR(SUMIF('📋 Görev Formu'!D:D,I13,'📋 Görev Formu'!L:L),0) -> 0 | L13: =COUNTIF('🚜 Araç Havuzu'!B:B,I13) -> 0
A16: 📈 GÖREV BAZLI ANALİZ GRAFİKLERİ — Görev Formu verileriyle otomatik güncellenir

Sheet 🟢 Durum Paneli
A1: 🟢 ARAÇ DURUM PANELİ — ANLIL GÖRÜNÜM
A2: Araç Havuzu sayfasındaki durum bilgileri buraya otomatik yansır
A3: =TODAY() -> 46216
A4: ARAÇ NO | B4: ARAÇ CİNSİ | C4: MARKA/MODEL | D4: MEVCUT DURUM | E4: BAĞLI MÜDÜRLÜk | F4: ŞOFÖR | G4: SON ÇIKIŞ | H4: SON GİRİŞ
A5: ='🚜 Araç Havuzu'!A5 -> 0 | B5: ='🚜 Araç Havuzu'!B5 -> 0 | C5: ='🚜 Araç Havuzu'!C5 -> 0 | D5: ='🚜 Araç Havuzu'!J5 -> 0 | E5: ='🚜 Araç Havuzu'!K5 -> 0 | F5: ='🚜 Araç Havuzu'!L5 -> 0 | G5: ='🚜 Araç Havuzu'!M5 -> 0 | H5: 0
A6: ='🚜 Araç Havuzu'!A6 -> 0 | B6: ='🚜 Araç Havuzu'!B6 -> 0 | C6: ='🚜 Araç Havuzu'!C6 -> 0 | D6: ='🚜 Araç Havuzu'!J6 -> 0 | E6: ='🚜 Araç Havuzu'!K6 -> 0 | F6: ='🚜 Araç Havuzu'!L6 -> 0 | G6: ='🚜 Araç Havuzu'!M6 -> 0 | H6: ='🚜 Araç Havuzu'!N6 -> 0
A7: ='🚜 Araç Havuzu'!A7 -> 0 | B7: ='🚜 Araç Havuzu'!B7 -> 0 | C7: ='🚜 Araç Havuzu'!C7 -> 0 | D7: ='🚜 Araç Havuzu'!J7 -> 0 | E7: ='🚜 Araç Havuzu'!K7 -> 0 | F7: ='🚜 Araç Havuzu'!L7 -> 0 | G7: ='🚜 Araç Havuzu'!M7 -> 0 | H7: ='🚜 Araç Havuzu'!N7 -> 0
A8: ='🚜 Araç Havuzu'!A8 -> 0 | B8: ='🚜 Araç Havuzu'!B8 -> 0 | C8: ='🚜 Araç Havuzu'!C8 -> 0 | D8: ='🚜 Araç Havuzu'!J8 -> 0 | E8: ='🚜 Araç Havuzu'!K8 -> 0 | F8: ='🚜 Araç Havuzu'!L8 -> 0 | G8: ='🚜 Araç Havuzu'!M8 -> 0 | H8: ='🚜 Araç Havuzu'!N8 -> 0
A9: ='🚜 Araç Havuzu'!A9 -> 0 | B9: ='🚜 Araç Havuzu'!B9 -> 0 | C9: ='🚜 Araç Havuzu'!C9 -> 0 | D9: ='🚜 Araç Havuzu'!J9 -> 0 | E9: ='🚜 Araç Havuzu'!K9 -> 0 | F9: ='🚜 Araç Havuzu'!L9 -> 0 | G9: ='🚜 Araç Havuzu'!M9 -> 0 | H9: ='🚜 Araç Havuzu'!N9 -> 0
A10: ='🚜 Araç Havuzu'!A10 -> 0 | B10: ='🚜 Araç Havuzu'!B10 -> 0 | C10: ='🚜 Araç Havuzu'!C10 -> 0 | D10: ='🚜 Araç Havuzu'!J10 -> 0 | E10: ='🚜 Araç Havuzu'!K10 -> 0 | F10: ='🚜 Araç Havuzu'!L10 -> 0 | G10: ='🚜 Araç Havuzu'!M10 -> 0 | H10: ='🚜 Araç Havuzu'!N10 -> 0
A11: ='🚜 Araç Havuzu'!A11 -> 0 | B11: ='🚜 Araç Havuzu'!B11 -> 0 | C11: ='🚜 Araç Havuzu'!C11 -> 0 | D11: ='🚜 Araç Havuzu'!J11 -> 0 | E11: ='🚜 Araç Havuzu'!K11 -> 0 | F11: ='🚜 Araç Havuzu'!L11 -> 0 | G11: ='🚜 Araç Havuzu'!M11 -> 0 | H11: ='🚜 Araç Havuzu'!N11 -> 0
A12: ='🚜 Araç Havuzu'!A12 -> 0 | B12: ='🚜 Araç Havuzu'!B12 -> 0 | C12: ='🚜 Araç Havuzu'!C12 -> 0 | D12: ='🚜 Araç Havuzu'!J12 -> 0 | E12: ='🚜 Araç Havuzu'!K12 -> 0 | F12: ='🚜 Araç Havuzu'!L12 -> 0 | G12: ='🚜 Araç Havuzu'!M12 -> 0 | H12: ='🚜 Araç Havuzu'!N12 -> 0
A13: ='🚜 Araç Havuzu'!A13 -> 0 | B13: ='🚜 Araç Havuzu'!B13 -> 0 | C13: ='🚜 Araç Havuzu'!C13 -> 0 | D13: ='🚜 Araç Havuzu'!J13 -> 0 | E13: ='🚜 Araç Havuzu'!K13 -> 0 | F13: ='🚜 Araç Havuzu'!L13 -> 0 | G13: ='🚜 Araç Havuzu'!M13 -> 0 | H13: ='🚜 Araç Havuzu'!N13 -> 0
A14: ='🚜 Araç Havuzu'!A14 -> 0 | B14: ='🚜 Araç Havuzu'!B14 -> 0 | C14: ='🚜 Araç Havuzu'!C14 -> 0 | D14: ='🚜 Araç Havuzu'!J14 -> 0 | E14: ='🚜 Araç Havuzu'!K14 -> 0 | F14: ='🚜 Araç Havuzu'!L14 -> 0 | G14: ='🚜 Araç Havuzu'!M14 -> 0 | H14: ='🚜 Araç Havuzu'!N14 -> 0
A15: ='🚜 Araç Havuzu'!A15 -> 0 | B15: ='🚜 Araç Havuzu'!B15 -> 0 | C15: ='🚜 Araç Havuzu'!C15 -> 0 | D15: ='🚜 Araç Havuzu'!J15 -> 0 | E15: ='🚜 Araç Havuzu'!K15 -> 0 | F15: ='🚜 Araç Havuzu'!L15 -> 0 | G15: ='🚜 Araç Havuzu'!M15 -> 0 | H15: ='🚜 Araç Havuzu'!N15 -> 0
A16: ='🚜 Araç Havuzu'!A16 -> 0 | B16: ='🚜 Araç Havuzu'!B16 -> 0 | C16: ='🚜 Araç Havuzu'!C16 -> 0 | D16: ='🚜 Araç Havuzu'!J16 -> 0 | E16: ='🚜 Araç Havuzu'!K16 -> 0 | F16: ='🚜 Araç Havuzu'!L16 -> 0 | G16: ='🚜 Araç Havuzu'!M16 -> 0 | H16: ='🚜 Araç Havuzu'!N16 -> 0
A17: ='🚜 Araç Havuzu'!A17 -> 0 | B17: ='🚜 Araç Havuzu'!B17 -> 0 | C17: ='🚜 Araç Havuzu'!C17 -> 0 | D17: ='🚜 Araç Havuzu'!J17 -> 0 | E17: ='🚜 Araç Havuzu'!K17 -> 0 | F17: ='🚜 Araç Havuzu'!L17 -> 0 | G17: ='🚜 Araç Havuzu'!M17 -> 0 | H17: ='🚜 Araç Havuzu'!N17 -> 0
... A54: ='🚜 Araç Havuzu'!A54 -> 0 | B54: ='🚜 Araç Havuzu'!B54 -> 0 | C54: ='🚜 Araç Havuzu'!C54 -> 0 | D54: ='🚜 Araç Havuzu'!J54 -> 0 | E54: ='🚜 Araç Havuzu'!K54 -> 0 | F54: ='🚜 Araç Havuzu'!L54 -> 0 | G54: ='🚜 Araç Havuzu'!M54 -> 0 | H54: ='🚜 Araç Havuzu'!N54 -> 0
A57: DURUM ÖZET SAYAÇLARI
A58: ✅ Müsait | C58: 🔴 Görevde | E58: 🔧 Bakımda | G58: ⛔ Arızalı
A59: =COUNTIF('🚜 Araç Havuzu'!J:J,"✅ Müsait") -> 0 | C59: =COUNTIF('🚜 Araç Havuzu'!J:J,"🔴 Görevde") -> 0 | E59: =COUNTIF('🚜 Araç Havuzu'!J:J,"🔧 Bakımda") -> 0 | G59: =COUNTIF('🚜 Araç Havuzu'!J:J,"⛔ Arızalı") -> 0
A60: ="Toplam Araç: "&COUNTA('🚜 Araç Havuzu'!A5:A500)&" adet" -> Toplam Araç: 0 adet
